Student_ID,Age,Gender,State_of_origin,School_location,Distance_from_home_km,Jamb_score,O_level_credits,Current_cgpa,Cgpa_trend,Attendance_rate,Fee_payment_status,Has_scholarship,Works_part_time,Family_income_bracket,Parent_education_level,Failed_courses_count,Asuu_strike_semesters,Mental_health_support,Course_load,Dropout
STU0001,29,Female,Lagos,Rural,369,265,3,3.77,Declining,87.5,Paid,1,0,Middle,Tetiarary,3,2,1,20,0
STU0002,22,Female,Enugu,Urban,94,250,5,3.11,Stable,77.9,Partial,0,0,High,No formal,0,0,0,22,0
STU0003,22,Male,Kano,Rural,724,201,3,2.26,Declining,89.7,Owing,0,1,High,Tetiarary,2,1,0,24,0
STU0004,30,Female,Kano,Rural,168,283,3,3.79,Stable,100.0,Partial,0,0,High,Primary,1,3,1,24,0
STU0005,21,Male,Edo,Urban,485,267,5,3.41,Stable,76.5,Partial,0,1,Low,Secondary,1,2,0,13,0
STU0006,30,Female,Imo,Rural,88,355,7,4.94,Stable,76.5,Paid,0,0,High,Tetiarary,4,1,0,20,0
STU0007,18,Male,Cross River,Urban,81,244,7,3.01,Stable,100.0,Partial,0,0,Middle,Tetiarary,2,3,0,14,0
STU0008,21,Female,Kaduna,Rural,677,207,5,2.37,Stable,91.5,Partial,0,0,High,No formal,1,3,0,17,0
STU0009,30,Female,Ogun,Urban,521,154,6,1.74,Improving,73.0,Partial,1,0,Middle,Secondary,3,0,0,15,0
STU0010,29,Female,Benue,Rural,489,356,3,5.0,Improving,88.1,Owing,1,0,High,No formal,1,0,0,12,0
STU0011,27,Male,Imo,Urban,594,322,3,4.37,Declining,73.0,Paid,0,0,High,Tetiarary,1,1,0,20,0
STU0012,23,Male,Kaduna,Rural,607,174,5,1.79,Improving,73.0,Paid,0,0,Low,Tetiarary,1,0,0,22,1
STU0013,23,Female,Enugu,Rural,603,322,5,4.47,Stable,83.6,Paid,0,0,High,Tetiarary,4,1,1,17,0
STU0014,26,Female,Lagos,Urban,786,153,6,1.53,Stable,51.3,Partial,1,0,Low,Primary,1,1,0,19,1
STU0015,28,Female,Cross River,Rural,108,316,8,4.16,Stable,54.1,Paid,0,0,Low,Secondary,1,1,1,13,0
STU0016,24,Male,Kwara,Urban,456,350,7,4.95,Declining,71.6,Partial,0,0,Middle,Tetiarary,4,0,1,18,1
STU0017,30,Female,Rivers,Urban,491,241,4,2.86,Declining,64.8,Paid,0,0,High,Primary,2,2,1,17,0
STU0018,16,Male,Kano,Rural,343,239,8,2.92,Declining,84.7,Partial,0,0,Middle,Secondary,0,1,0,13,0
STU0019,29,Male,Enugu,Rural,691,146,7,1.2,Stable,66.4,Paid,0,0,Middle,Secondary,4,2,1,13,0
STU0020,16,Male,Edo,Urban,570,169,3,1.5,Stable,58.8,Owing,0,0,High,Tetiarary,4,3,0,15,1
STU0021,18,Male,Ogun,Urban,482,350,8,4.85,Declining,100.0,Partial,0,1,High,Tetiarary,1,0,0,15,0
STU0022,18,Female,Delta,Rural,727,188,5,2.03,Declining,76.6,Owing,0,1,High,Secondary,1,0,0,14,0
STU0023,25,Male,Benue,Rural,611,356,6,4.96,Declining,81.0,Partial,0,0,Low,Tetiarary,0,2,0,19,0
STU0024,23,Female,Niger,Urban,227,283,7,3.49,Declining,58.6,Paid,0,0,Middle,Secondary,1,3,0,18,0
STU0025,30,Female,Ogun,Urban,13,250,6,3.11,Improving,71.8,Paid,0,0,Low,Secondary,3,3,0,13,0
STU0026,25,Male,Kogi,Rural,57,318,7,4.3,Improving,81.7,Owing,0,0,Middle,Secondary,1,1,0,14,0
STU0027,16,Male,Kano,Rural,81,211,8,2.23,Declining,62.7,Partial,0,0,Low,Secondary,1,0,0,21,0
STU0028,28,Female,Kwara,Rural,722,349,3,4.93,Declining,85.6,Paid,0,0,Middle,Primary,3,3,1,20,0
STU0029,17,Male,Kogi,Urban,507,359,4,5.0,Declining,71.0,Partial,0,0,High,Tetiarary,0,3,0,24,0
STU0030,17,Female,Anambra,Rural,320,219,6,2.57,Stable,75.6,Paid,0,0,Middle,No formal,3,1,0,16,1
STU0031,18,Female,Osun,Rural,818,222,6,2.63,Stable,71.0,Paid,0,0,Middle,No formal,4,1,0,13,1
STU0032,28,Male,Delta,Urban,826,181,4,1.91,Stable,100.0,Paid,0,0,Middle,Secondary,3,2,0,14,0
STU0033,21,Male,Cross River,Urban,846,156,6,1.48,Stable,79.8,Owing,0,0,Low,Primary,2,0,0,19,1
STU0034,16,Male,Enugu,Rural,628,330,6,4.3,Stable,64.1,Paid,0,1,Middle,Secondary,4,3,0,15,1
STU0035,17,Female,Rivers,Urban,867,312,7,4.19,Declining,92.3,Paid,0,0,Middle,Secondary,1,2,0,13,0
STU0036,28,Male,Rivers,Rural,169,344,7,4.85,Improving,61.7,Paid,1,0,High,Tetiarary,4,0,0,13,1
STU0037,30,Male,Kogi,Rural,283,146,4,1.4,Stable,83.1,Paid,0,0,Middle,Tetiarary,0,2,1,17,0
STU0038,28,Male,Kwara,Rural,31,294,3,3.68,Stable,50.6,Partial,0,0,Middle,Tetiarary,0,0,0,19,0
STU0039,16,Female,Abuja,Rural,74,149,8,1.26,Stable,60.1,Paid,0,0,High,Primary,3,0,1,18,0
STU0040,20,Male,Cross River,Urban,222,173,8,1.77,Stable,83.0,Paid,0,0,High,Tetiarary,4,3,0,15,0
STU0041,28,Male,Plateau,Urban,369,175,6,2.11,Declining,91.1,Owing,1,0,High,Secondary,1,0,0,13,0
STU0042,28,Female,Imo,Rural,705,292,3,4.14,Improving,82.6,Paid,1,0,High,Secondary,0,1,0,20,0
STU0043,22,Female,Kano,Urban,849,145,4,1.29,Improving,78.3,Paid,0,1,High,Secondary,1,3,0,15,0
STU0044,23,Female,Niger,Urban,310,291,4,3.83,Declining,75.5,Partial,0,0,Middle,Secondary,2,1,0,20,1
STU0045,25,Female,Rivers,Urban,128,285,7,3.82,Stable,57.8,Partial,1,0,High,Tetiarary,0,2,0,16,0
STU0046,16,Female,Lagos,Urban,23,354,6,4.72,Improving,69.2,Owing,0,0,Middle,Secondary,3,2,0,23,0
STU0047,22,Female,Lagos,Rural,261,273,5,3.51,Stable,73.1,Paid,0,0,Middle,Secondary,2,0,0,23,0
STU0048,28,Female,Akwa Ibom,Urban,300,168,4,1.69,Stable,95.9,Owing,0,0,Middle,Primary,4,0,0,22,0
STU0049,20,Female,Rivers,Urban,26,265,6,3.37,Improving,85.2,Partial,0,0,Low,Tetiarary,1,1,0,22,0
STU0050,25,Female,Plateau,Rural,884,292,3,3.64,Stable,53.6,Partial,0,0,Low,Tetiarary,0,1,0,18,1
STU0051,16,Male,Imo,Rural,454,322,7,4.67,Declining,84.9,Paid,1,0,Low,Secondary,2,1,0,23,0
STU0052,18,Male,Cross River,Rural,556,220,8,2.59,Stable,74.2,Paid,0,0,Low,Tetiarary,2,2,0,16,0
STU0053,22,Female,Kwara,Rural,554,313,3,4.01,Improving,69.8,Partial,0,0,High,Tetiarary,0,1,0,13,0
STU0054,25,Male,Niger,Rural,52,291,4,3.83,Stable,89.2,Owing,0,0,High,Secondary,4,3,0,17,1
STU0055,16,Female,Kwara,Rural,699,214,4,2.49,Stable,95.5,Partial,0,1,Middle,Tetiarary,4,3,0,18,0
STU0056,22,Male,Edo,Urban,591,165,3,1.63,Improving,94.0,Paid,0,0,High,Secondary,3,2,0,22,0
STU0057,20,Female,Oyo,Rural,725,266,4,3.19,Declining,67.4,Paid,0,0,Low,No formal,4,1,0,24,1
STU0058,16,Male,Edo,Urban,187,254,6,3.18,Stable,75.4,Partial,0,0,High,Tetiarary,3,1,0,17,0
STU0059,16,Female,Cross River,Rural,439,265,4,3.67,Stable,85.0,Partial,1,0,Middle,Secondary,2,0,0,24,0
STU0060,29,Female,Plateau,Urban,111,365,7,5.0,Declining,94.6,Paid,0,0,Low,Secondary,0,3,0,14,0
STU0061,16,Male,Ogun,Urban,192,167,6,1.77,Stable,72.8,Paid,0,0,Low,Tetiarary,4,2,1,21,0
STU0062,26,Male,Anambra,Urban,780,270,5,3.46,Improving,77.2,Paid,0,0,Middle,No formal,3,1,0,19,0
STU0063,24,Male,Abuja,Urban,90,214,4,2.29,Stable,63.4,Partial,0,0,Low,Secondary,2,0,0,14,0
STU0064,26,Male,Anambra,Rural,840,305,4,3.87,Stable,62.1,Partial,0,0,Middle,Primary,4,2,0,16,1
STU0065,28,Male,Imo,Rural,847,328,7,4.87,Stable,92.2,Owing,1,0,Low,No formal,1,2,1,20,1
STU0066,18,Male,Kaduna,Rural,460,217,7,2.54,Stable,100.0,Partial,0,0,Low,Secondary,2,3,0,22,0
STU0067,30,Female,Imo,Rural,141,318,8,4.3,Stable,78.9,Paid,0,0,Middle,Tetiarary,4,1,0,16,1
STU0068,28,Male,Rivers,Urban,862,229,3,2.75,Stable,95.1,Partial,0,0,High,Secondary,2,2,0,18,0
STU0069,20,Female,Benue,Rural,340,315,3,4.54,Declining,85.4,Owing,1,0,Low,Tetiarary,0,0,0,22,0
STU0070,26,Male,Delta,Urban,611,160,3,1.55,Stable,70.3,Owing,0,0,Low,Primary,0,0,0,18,1
STU0071,25,Female,Rivers,Rural,842,193,7,2.12,Stable,85.4,Owing,0,0,High,Tetiarary,0,2,0,16,0
STU0072,27,Male,Kano,Urban,761,323,3,4.38,Stable,100.0,Paid,0,0,High,Tetiarary,1,0,0,13,0
STU0073,24,Female,Benue,Urban,473,242,3,2.97,Stable,79.5,Partial,0,0,Middle,Secondary,0,2,0,16,0
STU0074,21,Female,Kano,Rural,606,361,5,5.0,Stable,100.0,Owing,1,0,High,Tetiarary,1,0,0,18,0
STU0075,27,Female,Akwa Ibom,Rural,575,198,3,2.01,Improving,40.7,Partial,0,0,Middle,Tetiarary,0,2,0,18,0
STU0076,24,Male,Kogi,Rural,407,211,4,2.43,Stable,92.3,Paid,0,0,Low,Secondary,2,2,0,15,0
STU0077,23,Female,Osun,Rural,544,318,8,4.6,Stable,81.3,Owing,1,0,Middle,Secondary,4,2,0,12,1
STU0078,23,Male,Benue,Urban,76,159,7,1.53,Stable,75.5,Partial,0,0,Middle,Tetiarary,4,0,0,17,0
STU0079,16,Male,Abuja,Rural,786,251,6,3.23,Declining,81.4,Paid,0,0,Middle,Tetiarary,0,2,1,24,0
STU0080,28,Male,Abuja,Rural,28,363,8,4.88,Stable,50.2,Paid,0,0,High,Primary,4,3,0,14,0
STU0081,24,Male,Abuja,Urban,628,353,5,5.0,Declining,76.7,Partial,0,0,Low,Secondary,0,2,1,22,0
STU0082,21,Male,Imo,Urban,816,198,7,2.21,Declining,85.4,Paid,0,0,High,Secondary,0,1,0,16,0
STU0083,24,Female,Plateau,Urban,489,210,7,2.42,Declining,100.0,Paid,0,0,Middle,Secondary,3,1,0,15,0
STU0084,18,Male,Kwara,Rural,60,276,4,3.57,Declining,72.2,Partial,0,0,Middle,Tetiarary,3,3,0,24,1
STU0085,27,Male,Benue,Urban,227,248,8,2.88,Stable,67.9,Partial,0,0,Middle,Secondary,3,2,0,13,0
STU0086,18,Male,Cross River,Urban,636,268,8,3.73,Stable,72.5,Partial,1,0,High,Secondary,1,1,0,23,0
STU0087,21,Female,Akwa Ibom,Urban,183,296,3,4.21,Improving,93.7,Paid,1,0,Low,Tetiarary,3,2,0,18,0
STU0088,24,Female,Osun,Urban,804,330,4,4.8,Declining,84.9,Partial,1,0,High,Primary,0,1,0,16,1
STU0089,22,Male,Cross River,Rural,438,339,3,4.66,Stable,72.1,Paid,0,1,High,Primary,2,0,0,18,0
STU0090,29,Female,Plateau,Rural,454,195,3,2.16,Stable,87.7,Paid,0,0,Low,Secondary,3,0,0,20,1
STU0091,28,Male,Kwara,Urban,797,335,7,4.59,Stable,81.5,Paid,0,0,High,Secondary,3,3,0,15,0
STU0092,18,Male,Edo,Urban,888,174,8,1.79,Stable,94.5,Owing,0,0,High,Secondary,2,3,0,16,1
STU0093,18,Male,Enugu,Urban,496,262,3,3.12,Stable,69.5,Paid,0,0,Middle,No formal,0,2,0,20,0
STU0094,17,Female,Abuja,Rural,193,270,5,3.46,Stable,75.1,Paid,0,1,Low,Secondary,1,3,0,24,0
STU0095,24,Female,Abuja,Urban,582,243,5,3.09,Declining,74.1,Paid,0,1,Middle,Tetiarary,3,2,1,21,0
STU0096,28,Male,Edo,Urban,814,146,8,1.1,Declining,58.0,Partial,0,0,Low,Tetiarary,2,0,0,22,0
STU0097,30,Male,Abuja,Rural,424,166,5,1.75,Declining,84.4,Owing,0,0,Middle,Primary,0,0,1,24,0
STU0098,18,Male,Anambra,Urban,253,140,7,1.2,Declining,83.9,Owing,0,1,Middle,Secondary,4,1,0,15,1
STU0099,26,Female,Kaduna,Rural,592,358,4,4.99,Improving,80.1,Paid,0,0,High,Tetiarary,1,2,0,16,1
STU0100,20,Female,Lagos,Urban,653,347,6,5.0,Declining,76.5,Paid,1,1,Low,Secondary,2,0,0,24,0
STU0101,29,Male,Rivers,Rural,168,369,3,5.0,Stable,58.8,Paid,1,0,High,Tetiarary,2,0,0,16,1
STU0102,29,Male,Benue,Urban,749,338,6,4.74,Declining,73.7,Partial,0,0,Middle,Tetiarary,2,2,1,19,0
STU0103,24,Female,Niger,Urban,259,311,4,4.27,Improving,74.9,Paid,0,0,Middle,Primary,3,1,1,24,0
STU0104,23,Female,Kaduna,Urban,480,226,4,2.8,Stable,68.0,Paid,1,0,High,Secondary,4,1,0,15,0
STU0105,17,Female,Akwa Ibom,Rural,810,180,7,1.9,Declining,77.6,Partial,0,0,Middle,Primary,1,1,0,15,1
STU0106,18,Female,Rivers,Rural,421,262,5,3.32,Stable,86.1,Paid,0,0,Middle,Primary,0,1,0,24,0
STU0107,17,Female,Cross River,Urban,174,214,5,2.59,Stable,100.0,Paid,0,0,Middle,Tetiarary,0,0,1,18,0
STU0108,23,Male,Benue,Rural,321,181,4,2.31,Stable,82.6,Paid,1,0,Middle,Tetiarary,4,2,1,22,0
STU0109,21,Male,Benue,Rural,178,256,7,3.22,Stable,83.9,Paid,0,0,Middle,No formal,2,2,0,16,0
STU0110,21,Male,Niger,Rural,474,300,7,3.98,Stable,78.9,Partial,0,1,Middle,Secondary,2,0,0,17,1
STU0111,27,Female,Benue,Rural,349,317,8,4.08,Stable,51.2,Owing,0,0,High,Secondary,2,0,0,17,1
STU0112,30,Male,Plateau,Urban,449,202,3,2.28,Improving,79.6,Paid,0,0,Middle,Secondary,2,0,0,23,0
STU0113,24,Male,Osun,Rural,22,367,5,5.0,Stable,80.9,Paid,1,0,Low,Tetiarary,2,3,0,17,1
STU0114,23,Male,Cross River,Urban,74,304,4,4.15,Improving,100.0,Owing,0,0,Middle,Tetiarary,4,2,1,21,0
STU0115,19,Male,Abuja,Urban,342,326,8,4.53,Stable,77.1,Owing,0,0,Low,Primary,3,2,1,16,1
STU0116,30,Female,Akwa Ibom,Urban,632,266,6,3.49,Stable,84.5,Paid,0,0,Middle,Primary,1,2,1,24,0
STU0117,27,Male,Edo,Rural,596,348,5,4.82,Stable,79.5,Partial,0,0,Middle,No formal,2,1,0,24,0
STU0118,19,Male,Kwara,Rural,531,366,3,5.0,Stable,62.5,Paid,1,0,Middle,Secondary,3,0,0,16,0
STU0119,24,Female,Imo,Rural,692,315,7,4.34,Stable,97.1,Partial,0,0,High,Secondary,0,0,1,20,0
STU0120,16,Male,Edo,Rural,460,272,4,3.6,Declining,91.3,Owing,0,0,Low,Secondary,4,0,1,24,0
STU0121,28,Female,Kano,Rural,273,187,5,2.02,Declining,91.9,Partial,0,0,High,Secondary,3,3,0,19,1
STU0122,17,Female,Anambra,Urban,635,363,6,4.88,Declining,66.4,Partial,0,0,Middle,Tetiarary,2,2,0,15,0
STU0123,17,Female,Abuja,Urban,815,142,3,1.23,Stable,100.0,Paid,0,0,Middle,Secondary,2,0,0,18,0
STU0124,28,Female,Lagos,Urban,192,255,3,3.0,Stable,59.0,Partial,0,0,High,Secondary,2,3,0,19,0
STU0125,28,Male,Osun,Urban,573,314,8,4.23,Improving,88.8,Partial,0,0,High,Tetiarary,3,0,0,23,0
STU0126,21,Female,Rivers,Urban,715,329,5,4.49,Stable,100.0,Partial,0,0,Middle,Tetiarary,2,1,0,20,0
STU0127,30,Male,Rivers,Urban,533,238,6,2.7,Declining,65.1,Paid,0,0,High,Primary,3,2,0,16,1
STU0128,19,Male,Delta,Rural,438,255,3,3.5,Stable,71.5,Partial,1,0,High,Secondary,2,3,0,14,0
STU0129,28,Male,Kano,Rural,292,153,4,1.43,Stable,81.5,Partial,0,0,High,Tetiarary,0,0,0,24,1
STU0130,26,Male,Oyo,Rural,571,330,3,4.5,Stable,72.4,Paid,0,0,Low,No formal,0,2,0,15,0
STU0131,25,Female,Lagos,Rural,503,251,6,2.93,Stable,56.7,Paid,0,0,High,Secondary,1,3,0,21,0
STU0132,28,Male,Kogi,Urban,445,200,7,2.24,Improving,81.0,Paid,0,1,High,Secondary,2,2,0,17,0
STU0133,18,Female,Lagos,Rural,785,298,7,3.75,Stable,64.1,Partial,0,0,High,Primary,2,2,0,21,1
STU0134,18,Male,Imo,Urban,307,234,8,2.93,Stable,87.1,Partial,0,0,High,Primary,3,1,1,22,0
STU0135,18,Male,Kwara,Urban,91,156,5,1.28,Stable,66.2,Owing,0,1,High,Secondary,3,2,0,16,0
STU0136,21,Female,Imo,Rural,834,263,6,3.34,Stable,100.0,Paid,0,0,Middle,Tetiarary,2,3,0,20,0
STU0137,29,Male,Abuja,Urban,442,163,8,1.5,Declining,68.3,Owing,0,0,Low,Tetiarary,1,2,1,24,1
STU0138,23,Female,Edo,Urban,545,255,3,3.2,Declining,75.2,Partial,0,0,Middle,Tetiarary,2,3,0,22,0
STU0139,26,Male,Anambra,Urban,26,290,3,3.81,Declining,92.2,Paid,0,0,Low,No formal,3,2,0,22,0
STU0140,22,Male,Osun,Rural,837,221,7,2.51,Stable,61.5,Paid,0,0,Middle,Primary,2,0,1,14,0
STU0141,29,Male,Plateau,Rural,801,189,8,2.05,Stable,83.4,Paid,0,0,Middle,Tetiarary,3,1,0,13,0
STU0142,19,Female,Edo,Urban,564,345,7,4.87,Declining,99.6,Owing,0,0,Middle,Secondary,2,0,1,17,0
STU0143,26,Male,Benue,Rural,521,218,4,2.36,Improving,55.9,Paid,0,0,High,Secondary,4,1,0,24,1
STU0144,27,Male,Kwara,Urban,766,218,7,2.56,Improving,82.8,Paid,0,0,High,Primary,3,3,0,18,0
STU0145,19,Male,Abuja,Urban,679,209,4,2.4,Stable,83.9,Paid,0,0,Middle,Secondary,1,1,0,16,0
STU0146,26,Female,Rivers,Urban,507,166,3,1.65,Stable,91.7,Owing,0,0,High,Secondary,4,2,0,12,1
STU0147,25,Female,Kano,Rural,718,154,8,1.24,Improving,61.4,Paid,0,0,Low,Primary,2,2,0,14,1
STU0148,30,Female,Delta,Urban,471,189,4,1.85,Declining,60.2,Paid,0,0,High,Tetiarary,3,0,0,14,0
STU0149,26,Male,Akwa Ibom,Urban,105,175,8,1.81,Stable,87.8,Paid,0,0,High,Primary,4,1,0,23,1
STU0150,26,Female,Kogi,Urban,587,147,8,1.42,Stable,84.5,Paid,0,0,Middle,Tetiarary,1,3,1,15,0
STU0151,29,Female,Kaduna,Urban,679,218,4,2.56,Stable,83.8,Paid,0,0,Middle,Tetiarary,3,3,0,21,0
STU0152,26,Female,Rivers,Rural,689,270,5,3.46,Stable,85.2,Partial,0,0,Middle,Secondary,4,2,0,17,1
STU0153,17,Female,Enugu,Urban,145,329,7,4.59,Improving,69.8,Owing,1,0,High,Tetiarary,4,3,0,16,0
STU0154,29,Female,Kogi,Urban,142,186,4,2.0,Improving,83.5,Owing,0,0,High,Tetiarary,4,2,0,12,0
STU0155,16,Male,Lagos,Urban,582,344,3,4.75,Stable,84.4,Partial,0,1,Middle,Primary,0,2,0,17,1
STU0156,24,Female,Edo,Urban,714,244,8,2.81,Declining,69.3,Paid,0,0,Middle,Secondary,2,2,0,20,0
STU0157,27,Female,Benue,Rural,844,237,6,2.89,Stable,100.0,Partial,0,0,Low,Secondary,3,0,0,22,0
STU0158,30,Male,Rivers,Urban,232,355,4,4.94,Stable,87.1,Paid,0,1,Middle,Tetiarary,3,0,0,12,0
STU0159,27,Male,Akwa Ibom,Urban,285,235,7,2.65,Stable,62.1,Paid,0,0,High,Secondary,3,2,0,19,0
STU0160,17,Female,Oyo,Urban,688,328,8,4.47,Stable,89.8,Owing,0,0,Low,Secondary,4,2,0,19,1
STU0161,28,Male,Enugu,Urban,832,299,5,4.17,Stable,65.4,Owing,1,1,High,Secondary,2,2,1,14,0
STU0162,23,Female,Abuja,Rural,435,361,3,5.0,Improving,91.8,Partial,1,0,High,Secondary,1,3,0,24,0
STU0163,30,Male,Kwara,Rural,44,255,5,3.2,Declining,97.4,Owing,0,0,High,Secondary,3,2,0,20,0
STU0164,24,Male,Delta,Rural,523,152,6,1.21,Stable,67.7,Owing,0,0,Low,Secondary,2,2,0,22,1
STU0165,19,Male,Niger,Urban,690,140,4,1.6,Stable,94.5,Partial,1,0,Low,Tetiarary,2,1,1,24,1
STU0166,23,Male,Kwara,Rural,667,173,8,1.77,Stable,86.2,Partial,0,0,Low,Tetiarary,0,1,0,24,0
STU0167,24,Male,Ogun,Rural,215,329,4,4.49,Declining,92.3,Partial,0,0,High,Tetiarary,3,1,0,22,1
STU0168,25,Male,Cross River,Urban,306,218,7,2.56,Stable,100.0,Paid,0,0,Middle,Secondary,4,1,0,19,1
STU0169,25,Female,Oyo,Rural,90,217,4,2.54,Improving,76.3,Paid,0,0,Low,Tetiarary,2,2,0,14,0
STU0170,20,Female,Niger,Rural,401,260,3,3.09,Declining,68.7,Partial,0,1,High,Secondary,2,1,0,21,0
STU0171,28,Male,Ogun,Urban,257,232,6,2.9,Stable,66.7,Paid,1,0,Middle,No formal,1,3,0,16,0
STU0172,29,Male,Ogun,Urban,537,237,5,2.69,Improving,67.8,Paid,0,0,Low,Tetiarary,0,3,0,14,0
STU0173,22,Male,Imo,Rural,773,221,6,2.71,Improving,78.8,Paid,0,0,Middle,No formal,2,1,1,16,0
STU0174,25,Male,Plateau,Urban,895,338,8,4.64,Declining,85.1,Paid,0,0,Low,Secondary,2,0,0,20,0
STU0175,19,Male,Plateau,Rural,385,360,4,5.0,Declining,84.2,Owing,0,0,Middle,Primary,4,3,0,23,0
STU0176,16,Male,Akwa Ibom,Rural,448,298,8,3.95,Declining,92.4,Partial,0,0,Middle,No formal,4,3,0,15,1
STU0177,18,Male,Akwa Ibom,Rural,37,331,5,4.52,Declining,80.2,Partial,0,0,High,Tetiarary,1,1,0,17,0
STU0178,20,Male,Abuja,Urban,264,292,8,3.84,Stable,100.0,Owing,0,0,High,Secondary,1,1,0,14,0
STU0179,18,Male,Benue,Urban,238,177,7,1.84,Stable,76.0,Owing,0,0,Middle,Tetiarary,1,2,0,14,0
STU0180,27,Female,Ogun,Urban,519,153,6,1.43,Stable,100.0,Partial,0,0,High,Secondary,4,3,0,16,1
STU0181,28,Male,Benue,Rural,863,275,5,3.55,Declining,89.4,Owing,0,0,Middle,Secondary,4,1,0,19,0
STU0182,26,Female,Rivers,Rural,312,230,5,2.57,Stable,67.1,Paid,0,0,Middle,Secondary,0,1,0,19,0
STU0183,22,Female,Plateau,Rural,743,193,5,2.32,Declining,63.9,Paid,1,0,High,Tetiarary,3,2,1,14,0
STU0184,27,Female,Benue,Urban,800,269,3,3.44,Improving,87.2,Paid,0,0,High,Tetiarary,3,3,0,19,0
STU0185,24,Female,Akwa Ibom,Rural,74,348,6,5.0,Declining,76.6,Partial,1,1,Middle,Secondary,0,1,0,24,0
STU0186,30,Male,Edo,Rural,458,240,8,3.04,Stable,90.7,Partial,0,0,Middle,Secondary,3,2,1,22,1
STU0187,27,Male,Imo,Urban,443,345,5,4.87,Declining,87.1,Partial,0,0,High,Tetiarary,4,1,1,24,0
STU0188,21,Male,Kwara,Urban,829,228,6,2.73,Improving,78.9,Partial,0,0,Middle,Primary,3,0,0,19,0
STU0189,28,Female,Ogun,Rural,368,195,5,1.96,Improving,67.3,Paid,0,0,High,Secondary,4,0,0,14,1
STU0190,25,Female,Delta,Rural,770,233,7,2.62,Improving,57.3,Paid,0,1,Low,Secondary,0,1,0,21,1
STU0191,16,Female,Ogun,Rural,485,232,7,3.1,Stable,73.3,Partial,1,0,High,No formal,1,3,0,24,1
STU0192,22,Male,Enugu,Urban,148,223,7,2.64,Stable,92.8,Paid,0,0,Middle,Secondary,0,0,0,21,0
STU0193,30,Female,Enugu,Urban,28,224,4,2.66,Declining,83.2,Partial,0,0,Low,No formal,3,2,0,13,1
STU0194,18,Male,Benue,Rural,429,328,5,4.27,Stable,61.3,Partial,0,0,Middle,Tetiarary,4,1,0,21,1
STU0195,20,Male,Kogi,Rural,750,161,4,1.57,Improving,82.6,Partial,0,0,Middle,Tetiarary,3,2,0,13,0
STU0196,25,Female,Benue,Rural,849,174,6,1.79,Improving,85.8,Paid,0,0,High,Tetiarary,3,0,0,20,1
STU0197,19,Male,Imo,Rural,179,368,4,4.97,Improving,66.7,Partial,0,0,Middle,Secondary,1,3,0,18,0
STU0198,25,Female,Plateau,Urban,848,155,6,1.46,Declining,82.3,Owing,0,0,High,Secondary,3,2,0,17,0
STU0199,20,Male,Ogun,Rural,329,189,6,2.05,Declining,80.9,Owing,0,0,Middle,Tetiarary,1,0,0,18,1
STU0200,20,Female,Anambra,Urban,873,261,6,3.1,Declining,62.9,Owing,0,0,Low,Tetiarary,4,0,0,19,0
STU0201,21,Male,Oyo,Urban,675,267,8,3.51,Stable,85.4,Partial,0,0,Middle,No formal,4,0,1,23,0
STU0202,29,Female,Abuja,Urban,864,252,4,3.15,Improving,88.4,Paid,0,0,Middle,Secondary,1,2,0,12,0
STU0203,25,Female,Edo,Rural,352,310,8,4.56,Improving,96.2,Partial,1,0,High,Tetiarary,0,0,1,19,0
STU0204,27,Female,Ogun,Rural,802,156,5,1.48,Stable,95.8,Owing,0,0,Middle,Tetiarary,4,1,0,14,1
STU0205,25,Male,Kogi,Urban,22,219,4,2.37,Declining,59.3,Paid,0,0,High,Tetiarary,0,0,0,14,0
STU0206,28,Female,Delta,Urban,48,325,5,4.32,Improving,65.9,Paid,0,0,High,Tetiarary,4,1,1,17,0
STU0207,28,Male,Plateau,Rural,159,269,5,3.44,Improving,87.7,Paid,0,0,High,Primary,4,3,0,15,1
STU0208,26,Male,Enugu,Rural,871,271,6,3.48,Declining,87.7,Partial,0,0,Low,Primary,2,1,0,15,1
STU0209,21,Male,Anambra,Rural,381,224,4,2.66,Stable,87.7,Paid,0,0,Low,Tetiarary,3,3,0,15,0
STU0210,23,Female,Osun,Urban,747,306,5,4.09,Stable,100.0,Paid,0,0,Middle,Secondary,3,3,0,21,0
STU0211,23,Male,Oyo,Urban,887,365,7,5.0,Declining,88.6,Owing,0,0,Low,Primary,0,1,0,20,1
STU0212,26,Female,Cross River,Urban,832,233,5,2.82,Improving,97.0,Partial,0,0,Middle,Tetiarary,3,3,0,19,0
STU0213,24,Female,Kaduna,Urban,406,273,7,3.51,Declining,94.3,Paid,0,0,Middle,Primary,0,1,0,14,0
STU0214,23,Male,Delta,Urban,229,220,4,2.59,Improving,89.8,Paid,0,0,Middle,Tetiarary,4,2,0,12,0
STU0215,28,Female,Edo,Urban,221,356,8,4.96,Improving,75.3,Paid,0,0,High,Tetiarary,2,3,0,12,1
STU0216,26,Male,Akwa Ibom,Urban,572,208,4,2.38,Stable,91.4,Partial,0,0,High,No formal,2,1,0,12,0
STU0217,17,Female,Ogun,Urban,35,208,8,2.18,Improving,68.4,Paid,0,0,High,Secondary,4,3,0,15,0
STU0218,29,Male,Akwa Ibom,Rural,873,287,8,3.76,Stable,76.4,Partial,0,0,Low,Primary,1,0,0,17,0
STU0219,29,Male,Imo,Urban,63,331,4,4.62,Stable,72.7,Partial,0,0,Middle,Tetiarary,1,1,1,15,0
STU0220,27,Male,Lagos,Urban,896,155,5,1.76,Stable,81.2,Partial,1,0,Middle,Secondary,3,0,0,22,0
STU0221,25,Male,Akwa Ibom,Rural,357,190,3,2.17,Stable,100.0,Paid,0,0,Low,No formal,0,3,1,22,0
STU0222,27,Male,Kogi,Rural,449,244,5,2.81,Stable,52.0,Partial,0,0,Middle,Tetiarary,2,3,0,14,0
STU0223,26,Male,Abuja,Rural,239,304,5,4.15,Improving,90.3,Owing,0,0,Middle,Secondary,3,2,1,19,1
STU0224,30,Male,Rivers,Rural,111,340,6,4.48,Declining,55.8,Paid,0,0,Low,Secondary,4,1,0,19,0
STU0225,16,Male,Benue,Rural,195,336,6,5.0,Declining,72.9,Paid,1,0,High,Primary,2,0,1,17,0
STU0226,25,Male,Kano,Rural,534,309,5,4.14,Improving,96.3,Partial,0,1,High,Primary,0,2,0,20,1
STU0227,17,Female,Delta,Rural,742,324,7,4.4,Stable,81.0,Partial,0,0,Low,Tetiarary,0,3,0,23,1
STU0228,17,Female,Imo,Rural,683,205,8,2.13,Stable,63.8,Paid,0,0,Middle,Secondary,1,3,0,21,0
STU0229,27,Female,Abuja,Urban,587,148,6,1.44,Improving,69.3,Partial,1,0,High,Secondary,3,2,0,12,0
STU0230,18,Female,Kaduna,Urban,878,246,5,3.34,Stable,90.2,Partial,1,0,Middle,Tetiarary,4,0,0,24,0
STU0231,25,Female,Plateau,Rural,570,239,3,2.72,Stable,69.0,Owing,0,0,Middle,Tetiarary,2,3,0,19,0
STU0232,22,Female,Kogi,Urban,249,225,7,2.68,Improving,83.2,Paid,0,0,Middle,Secondary,0,3,0,17,0
STU0233,17,Male,Imo,Rural,866,203,4,2.3,Improving,80.7,Partial,0,0,Low,Tetiarary,2,1,0,12,0
STU0234,29,Female,Niger,Urban,80,353,5,4.9,Declining,70.2,Paid,0,0,Low,Tetiarary,4,2,0,15,0
STU0235,16,Male,Osun,Urban,551,161,5,1.67,Stable,100.0,Partial,0,1,High,Primary,2,3,1,16,0
STU0236,29,Female,Rivers,Rural,271,301,8,4.0,Improving,89.5,Partial,0,0,Low,Tetiarary,3,0,0,18,1
STU0237,21,Female,Benue,Urban,321,322,7,4.17,Declining,49.6,Paid,0,0,Middle,Tetiarary,1,1,0,19,0
STU0238,24,Male,Kano,Rural,816,296,6,3.91,Declining,82.8,Owing,0,0,Low,Secondary,2,2,0,20,1
STU0239,30,Female,Cross River,Rural,125,305,6,4.07,Stable,70.1,Paid,0,0,High,Tetiarary,1,0,0,23,0
STU0240,18,Male,Kaduna,Rural,840,249,6,3.1,Declining,92.8,Partial,0,0,Low,Tetiarary,4,3,0,23,0
STU0241,21,Male,Benue,Urban,29,236,4,2.97,Stable,68.1,Paid,1,0,Middle,Tetiarary,1,2,0,17,0
STU0242,18,Male,Akwa Ibom,Rural,436,157,7,1.6,Stable,78.3,Partial,0,0,Middle,Primary,2,2,1,21,0
STU0243,29,Female,Osun,Rural,164,210,7,2.42,Stable,87.6,Paid,0,0,Middle,Primary,2,0,0,20,0
STU0244,28,Female,Osun,Rural,600,332,6,4.54,Declining,93.0,Owing,0,0,Middle,Secondary,0,2,0,15,1
STU0245,16,Female,Enugu,Rural,118,266,6,3.29,Improving,62.0,Owing,0,0,Middle,Secondary,2,0,1,19,1
STU0246,29,Male,Delta,Rural,739,236,8,2.97,Stable,75.0,Owing,0,0,High,Tetiarary,1,3,1,14,0
STU0247,28,Male,Kano,Rural,506,140,3,1.2,Stable,72.9,Paid,0,0,High,Secondary,0,1,0,15,1
STU0248,27,Female,Cross River,Rural,170,355,3,4.94,Stable,70.2,Partial,0,0,Middle,Secondary,2,0,0,21,0
STU0249,20,Male,Kwara,Urban,707,271,5,3.48,Stable,100.0,Paid,0,0,Low,Tetiarary,2,1,0,15,0
STU0250,25,Female,Rivers,Urban,179,143,5,1.25,Stable,86.1,Owing,0,0,Low,Secondary,4,2,0,17,1
STU0251,29,Male,Niger,Urban,5,264,7,3.16,Improving,61.1,Partial,0,0,High,Secondary,0,0,0,20,0
STU0252,28,Male,Edo,Urban,745,221,7,2.71,Stable,93.8,Partial,0,0,Middle,No formal,4,3,1,17,0
STU0253,26,Male,Imo,Rural,90,166,4,1.95,Stable,100.0,Partial,1,0,High,Secondary,4,0,0,12,0
STU0254,19,Female,Kaduna,Urban,578,310,4,4.16,Declining,95.5,Paid,0,1,High,Tetiarary,4,0,0,16,0
STU0255,22,Male,Imo,Rural,324,198,3,2.01,Stable,57.2,Partial,0,0,High,Tetiarary,3,0,0,20,1
STU0256,21,Male,Kaduna,Urban,405,171,5,1.74,Stable,72.7,Paid,0,0,High,Secondary,4,1,0,16,1
STU0257,25,Male,Akwa Ibom,Urban,386,300,3,4.08,Declining,99.0,Owing,0,0,High,Primary,1,1,1,17,0
STU0258,22,Male,Delta,Urban,722,167,3,1.47,Improving,69.4,Owing,0,0,Middle,Tetiarary,2,2,0,14,1
STU0259,20,Male,Akwa Ibom,Urban,621,245,5,3.03,Improving,86.7,Partial,0,0,Middle,Tetiarary,3,2,0,19,0
STU0260,30,Male,Cross River,Urban,322,244,4,3.01,Stable,91.6,Owing,0,1,Middle,Secondary,4,2,0,21,0
STU0261,30,Female,Benue,Urban,807,322,8,4.27,Improving,66.1,Paid,0,0,Middle,Tetiarary,2,2,1,22,0
STU0262,19,Male,Lagos,Rural,254,367,8,5.0,Stable,79.1,Owing,0,0,Middle,Secondary,0,0,0,24,0
STU0263,22,Female,Cross River,Urban,529,327,8,4.25,Improving,31.4,Paid,0,0,Low,Secondary,0,1,0,15,1
STU0264,22,Female,Rivers,Urban,679,209,5,2.5,Improving,64.6,Partial,1,0,High,Tetiarary,2,1,0,15,0
STU0265,21,Male,Rivers,Rural,559,201,6,2.26,Stable,76.2,Partial,0,0,Middle,No formal,1,1,0,22,0
STU0266,23,Male,Osun,Urban,627,347,6,4.6,Stable,61.3,Paid,0,0,Middle,Secondary,2,1,0,23,0
STU0267,19,Female,Delta,Urban,721,173,6,1.77,Declining,100.0,Paid,0,1,Low,Primary,2,2,0,16,1
STU0268,25,Male,Ogun,Urban,260,226,7,2.5,Declining,58.5,Paid,0,0,Middle,Secondary,3,0,0,21,0
STU0269,20,Male,Edo,Urban,311,253,4,3.47,Improving,73.4,Owing,1,0,Low,Tetiarary,0,1,0,20,0
STU0270,19,Male,Lagos,Rural,148,245,4,3.03,Stable,82.0,Paid,0,0,High,No formal,0,3,0,24,1
STU0271,27,Female,Kano,Urban,662,355,7,5.0,Improving,100.0,Partial,0,0,Middle,Secondary,4,0,1,19,0
STU0272,16,Female,Kogi,Rural,395,195,3,2.06,Stable,58.5,Partial,0,0,Low,Secondary,2,3,1,18,0
STU0273,27,Female,Anambra,Rural,817,252,8,3.15,Declining,97.4,Paid,0,0,Low,Tetiarary,2,0,0,16,0
STU0274,23,Female,Akwa Ibom,Urban,680,152,6,1.51,Stable,80.2,Partial,0,0,High,Primary,1,0,1,20,1
STU0275,16,Male,Enugu,Rural,173,323,8,4.28,Improving,65.3,Partial,0,0,Low,Tetiarary,0,0,1,20,1
STU0276,20,Male,Niger,Urban,302,157,6,1.5,Stable,86.9,Paid,0,0,High,Tetiarary,1,3,0,21,0
STU0277,30,Male,Enugu,Urban,237,321,8,4.35,Improving,83.0,Partial,0,0,Middle,Tetiarary,3,1,0,21,0
STU0278,21,Male,Oyo,Urban,275,344,3,4.75,Stable,71.0,Paid,0,0,Middle,Tetiarary,4,1,0,13,0
STU0279,21,Male,Kwara,Urban,64,252,8,3.15,Stable,81.0,Paid,0,0,High,Secondary,1,3,0,15,0
STU0280,28,Male,Delta,Rural,300,368,8,5.0,Stable,74.2,Partial,1,1,Middle,No formal,0,1,0,19,0
STU0281,20,Male,Delta,Urban,471,310,5,4.26,Declining,81.7,Paid,0,0,High,Tetiarary,3,2,1,24,0
STU0282,18,Male,Cross River,Rural,239,178,8,1.86,Stable,89.9,Owing,0,0,Middle,Tetiarary,2,1,0,12,1
STU0283,30,Male,Kogi,Rural,681,328,5,4.87,Declining,100.0,Owing,1,0,High,No formal,3,2,1,24,0
STU0284,20,Female,Cross River,Urban,710,309,4,3.94,Declining,61.4,Partial,0,0,Middle,Primary,1,2,0,16,0
STU0285,27,Female,Edo,Rural,238,348,7,4.82,Stable,100.0,Paid,0,0,High,Secondary,0,2,0,19,1
STU0286,23,Female,Kwara,Rural,372,218,8,2.36,Stable,50.7,Paid,0,1,Low,Tetiarary,1,3,0,13,0
STU0287,29,Male,Kano,Urban,699,285,4,3.72,Improving,77.7,Paid,0,0,Middle,Tetiarary,2,1,0,13,1
STU0288,17,Male,Osun,Urban,849,290,5,3.81,Stable,88.8,Partial,0,0,High,Primary,2,1,0,24,0
STU0289,21,Male,Cross River,Urban,236,321,8,4.45,Stable,84.2,Owing,0,0,High,Secondary,0,3,1,19,1
STU0290,24,Male,Edo,Urban,877,169,8,1.7,Improving,70.7,Paid,0,0,Low,No formal,4,3,0,21,0
STU0291,23,Male,Kwara,Urban,495,237,3,2.89,Stable,76.9,Paid,0,0,Middle,Secondary,3,1,0,23,0
STU0292,29,Female,Abuja,Urban,623,197,4,2.19,Declining,72.6,Partial,0,1,Middle,Tetiarary,3,3,0,20,0
STU0293,26,Female,Anambra,Rural,507,335,6,4.59,Declining,71.2,Paid,0,0,Middle,Tetiarary,2,3,0,18,0
STU0294,23,Male,Kwara,Rural,894,206,6,2.35,Stable,92.7,Partial,0,0,Middle,Secondary,1,2,0,19,0
STU0295,23,Male,Edo,Urban,739,210,3,2.42,Stable,85.4,Partial,0,0,Middle,No formal,1,3,0,16,1
STU0296,30,Male,Anambra,Urban,596,285,5,3.52,Declining,69.6,Partial,0,0,Low,Secondary,4,2,0,12,0
STU0297,28,Male,Edo,Urban,750,245,6,3.03,Stable,93.5,Paid,0,0,Middle,Tetiarary,1,0,0,15,0
STU0298,22,Male,Imo,Urban,385,146,6,1.6,Improving,84.6,Owing,1,0,Low,Primary,3,2,0,13,1
STU0299,23,Male,Niger,Urban,700,179,7,1.88,Stable,92.2,Paid,0,0,High,Secondary,1,2,0,14,1
STU0300,28,Male,Plateau,Rural,432,209,4,2.7,Declining,89.4,Owing,1,1,Low,Tetiarary,4,3,0,23,1
STU0301,21,Male,Rivers,Urban,701,353,5,4.8,Improving,67.6,Paid,0,0,High,Tetiarary,3,1,1,14,0
STU0302,17,Male,Plateau,Urban,650,332,8,4.54,Stable,71.6,Owing,0,1,Middle,Tetiarary,1,0,0,20,0
STU0303,17,Male,Rivers,Urban,736,207,4,2.37,Stable,91.2,Partial,0,0,Middle,Secondary,3,0,0,24,0
STU0304,23,Male,Benue,Rural,804,188,5,2.03,Declining,89.2,Paid,0,0,Low,Secondary,2,0,0,21,1
STU0305,26,Female,Enugu,Rural,368,191,6,2.39,Declining,79.7,Owing,1,0,Middle,Secondary,2,1,0,15,0
STU0306,16,Male,Rivers,Urban,206,253,7,3.17,Stable,81.8,Partial,0,0,High,Tetiarary,2,0,0,13,0
STU0307,21,Female,Delta,Urban,886,246,4,3.14,Declining,99.2,Paid,0,0,Middle,Tetiarary,1,0,1,14,0
STU0308,28,Female,Delta,Urban,150,168,6,1.69,Improving,71.1,Paid,0,0,Low,Tetiarary,4,1,0,14,0
STU0309,21,Female,Kano,Urban,840,288,5,3.77,Improving,88.2,Partial,0,0,High,Primary,3,0,0,18,0
STU0310,26,Female,Oyo,Rural,643,357,4,4.97,Declining,77.0,Partial,0,0,High,Tetiarary,0,3,0,19,1
STU0311,19,Female,Plateau,Rural,461,217,8,2.54,Stable,76.7,Partial,0,0,Middle,Secondary,2,3,0,24,1
STU0312,27,Female,Delta,Rural,139,148,4,1.74,Improving,96.5,Partial,1,0,Middle,No formal,2,2,1,22,0
STU0313,26,Male,Abuja,Urban,630,314,6,4.23,Stable,92.4,Partial,0,0,Middle,No formal,0,2,0,24,0
STU0314,28,Male,Kano,Urban,268,215,4,2.5,Declining,92.2,Partial,0,1,Middle,Tetiarary,0,2,0,17,0
STU0315,30,Female,Kwara,Rural,68,181,8,1.91,Declining,99.6,Partial,0,0,Low,Secondary,1,3,0,15,1
STU0316,26,Female,Edo,Urban,495,318,7,4.3,Declining,80.3,Paid,0,0,Middle,Tetiarary,3,3,0,17,0
STU0317,28,Female,Oyo,Rural,651,323,7,4.38,Stable,90.2,Owing,0,0,High,Tetiarary,2,3,0,24,1
STU0318,25,Female,Imo,Urban,45,318,6,4.4,Declining,75.3,Paid,0,0,Low,No formal,4,2,1,22,0
STU0319,18,Female,Plateau,Urban,300,337,5,4.93,Stable,84.9,Paid,1,0,Middle,Tetiarary,1,2,0,12,0
STU0320,28,Female,Osun,Rural,7,267,6,3.41,Stable,78.0,Partial,0,0,High,Primary,1,2,0,24,0
STU0321,26,Female,Osun,Urban,710,159,7,1.53,Declining,81.5,Paid,0,1,Low,Secondary,4,2,0,21,0
STU0322,18,Male,Ogun,Urban,114,355,3,4.94,Stable,88.9,Paid,0,0,Low,Tetiarary,4,2,0,19,0
STU0323,30,Female,Edo,Urban,225,294,3,3.68,Improving,67.7,Paid,0,0,High,Tetiarary,4,2,0,12,0
STU0324,30,Female,Anambra,Rural,374,305,4,4.37,Stable,100.0,Partial,1,0,Middle,Secondary,0,3,0,16,1
STU0325,28,Female,Anambra,Urban,372,211,8,2.53,Stable,64.9,Owing,1,0,Low,Tetiarary,2,1,0,13,0
STU0326,28,Female,Cross River,Urban,440,204,4,2.51,Improving,61.8,Partial,1,0,Middle,Tetiarary,0,1,1,17,0
STU0327,16,Male,Cross River,Rural,8,321,3,4.35,Improving,97.4,Partial,0,0,Middle,Secondary,2,2,0,20,0
STU0328,18,Male,Kano,Urban,248,252,7,3.45,Stable,91.9,Paid,1,0,High,Secondary,0,1,0,16,0
STU0329,19,Female,Lagos,Rural,170,163,4,1.6,Improving,89.4,Paid,0,0,Middle,Tetiarary,3,1,0,15,0
STU0330,26,Female,Cross River,Urban,30,267,6,3.41,Declining,89.4,Paid,0,0,Middle,No formal,2,3,0,13,0
STU0331,26,Male,Edo,Rural,399,314,8,4.23,Stable,79.8,Paid,0,1,Middle,Tetiarary,1,2,0,23,0
STU0332,20,Male,Cross River,Urban,478,338,6,4.54,Improving,66.5,Paid,0,0,High,Tetiarary,2,2,1,14,0
STU0333,18,Female,Abuja,Rural,21,222,8,2.63,Stable,81.1,Paid,0,1,Low,Primary,2,1,0,17,0
STU0334,21,Female,Osun,Rural,732,353,7,4.7,Declining,69.8,Paid,0,0,Low,Tetiarary,2,2,0,19,0
STU0335,26,Female,Kaduna,Rural,96,202,4,2.38,Improving,94.6,Partial,0,0,High,Primary,3,2,1,19,0
STU0336,29,Female,Kogi,Urban,487,324,8,4.4,Improving,77.8,Owing,0,0,High,Tetiarary,0,2,0,16,0
STU0337,30,Male,Lagos,Urban,547,322,6,4.17,Declining,67.6,Owing,0,0,Low,Secondary,1,2,0,16,1
STU0338,27,Male,Cross River,Rural,209,199,4,2.63,Stable,75.2,Partial,1,0,Low,Tetiarary,0,1,1,21,1
STU0339,20,Male,Imo,Urban,506,238,4,3.0,Declining,86.2,Paid,0,1,Middle,Secondary,0,0,1,24,0
STU0340,18,Female,Enugu,Urban,404,201,6,2.26,Stable,71.5,Partial,0,0,Low,Tetiarary,4,1,0,14,0
STU0341,21,Male,Kaduna,Rural,211,169,3,1.9,Improving,67.7,Paid,1,0,High,Primary,3,3,1,18,1
STU0342,21,Female,Enugu,Urban,623,360,8,5.0,Improving,83.7,Partial,0,0,Low,Secondary,4,0,1,24,1
STU0343,30,Male,Oyo,Rural,150,161,6,1.57,Improving,83.7,Partial,0,0,Low,No formal,3,0,0,17,0
STU0344,29,Male,Abuja,Urban,883,342,7,4.71,Declining,72.4,Partial,0,0,Middle,Tetiarary,0,0,0,12,1
STU0345,23,Female,Akwa Ibom,Rural,105,351,5,4.97,Declining,72.9,Owing,0,0,High,Secondary,0,1,1,15,0
STU0346,17,Male,Cross River,Urban,884,265,6,3.67,Declining,83.5,Partial,1,0,Middle,Tetiarary,3,3,0,17,1
STU0347,16,Female,Kaduna,Urban,834,296,4,3.71,Declining,58.3,Partial,0,0,Middle,Tetiarary,0,1,0,22,0
STU0348,19,Male,Kogi,Rural,884,308,4,3.92,Declining,58.9,Paid,0,0,High,Tetiarary,0,3,0,17,0
STU0349,22,Male,Kaduna,Urban,245,181,6,1.71,Stable,69.2,Owing,0,0,Middle,Primary,1,1,0,22,1
STU0350,30,Male,Kaduna,Rural,763,237,5,2.89,Declining,76.8,Paid,0,0,Middle,Tetiarary,4,1,0,23,0
STU0351,26,Male,Edo,Rural,167,332,6,4.54,Improving,84.7,Owing,0,0,Middle,Primary,4,1,0,23,1
STU0352,25,Female,Kwara,Urban,888,170,5,2.02,Stable,100.0,Paid,1,0,Low,Tetiarary,4,0,0,14,0
STU0353,18,Male,Plateau,Rural,177,297,5,3.93,Stable,92.9,Paid,0,0,Middle,Tetiarary,2,1,0,17,0
STU0354,18,Male,Plateau,Urban,506,251,7,3.13,Declining,77.6,Owing,0,0,Middle,No formal,1,3,0,23,0
STU0355,20,Male,Benue,Rural,551,285,8,3.72,Stable,79.7,Paid,0,0,Middle,Primary,4,3,0,21,0
STU0356,20,Female,Abuja,Urban,288,261,4,3.2,Declining,65.0,Owing,0,0,Low,Secondary,4,3,1,17,0
STU0357,28,Female,Kano,Rural,363,156,4,1.48,Stable,79.7,Paid,0,0,Middle,Secondary,1,0,0,23,1
STU0358,25,Male,Kogi,Rural,385,177,5,1.84,Declining,75.7,Owing,0,0,Middle,Tetiarary,0,1,0,20,0
STU0359,18,Female,Niger,Urban,874,281,4,3.75,Declining,84.8,Partial,0,0,Low,Secondary,4,1,1,20,0
STU0360,24,Female,Plateau,Rural,537,354,3,4.82,Improving,67.6,Partial,0,0,Low,Tetiarary,0,2,1,13,0
STU0361,19,Female,Edo,Urban,824,356,5,4.96,Declining,87.8,Paid,0,0,High,Secondary,4,0,0,15,0
STU0362,28,Male,Lagos,Urban,167,346,4,5.0,Stable,100.0,Paid,1,0,Middle,Tetiarary,3,3,0,20,0
STU0363,28,Female,Plateau,Urban,613,249,3,3.1,Stable,78.4,Owing,0,0,Low,Tetiarary,2,3,0,24,0
STU0364,30,Female,Kwara,Urban,311,323,7,4.38,Declining,86.0,Paid,0,0,High,Tetiarary,4,1,0,15,0
STU0365,18,Female,Kaduna,Urban,343,161,4,1.57,Stable,90.4,Paid,0,0,Low,Primary,3,3,0,19,0
STU0366,26,Female,Kaduna,Urban,59,334,3,4.97,Stable,74.0,Partial,1,0,High,Secondary,1,1,1,21,0
STU0367,17,Female,Benue,Urban,337,195,6,2.26,Stable,83.4,Partial,0,1,High,Primary,3,1,1,23,0
STU0368,25,Male,Niger,Urban,131,258,8,3.25,Improving,80.2,Paid,0,0,High,Secondary,1,2,0,14,0
STU0369,28,Female,Benue,Urban,709,286,6,4.04,Stable,81.5,Paid,1,0,High,Tetiarary,4,0,0,14,0
STU0370,26,Male,Cross River,Rural,247,196,3,1.97,Stable,68.4,Paid,0,0,Low,Tetiarary,1,1,0,20,1
STU0371,24,Female,Kano,Rural,865,311,5,4.47,Declining,80.4,Owing,1,0,High,No formal,3,1,0,22,0
STU0372,19,Male,Edo,Urban,604,365,5,5.0,Improving,87.5,Paid,0,0,Low,Secondary,2,1,0,21,0
STU0373,18,Male,Oyo,Rural,852,174,4,1.79,Stable,100.0,Owing,0,0,Middle,Secondary,0,2,0,19,1
STU0374,22,Female,Abuja,Rural,413,253,6,3.57,Declining,94.4,Paid,1,0,High,No formal,0,1,1,12,1
STU0375,23,Female,Kaduna,Rural,507,264,5,3.46,Declining,100.0,Paid,0,0,Middle,Secondary,2,0,1,21,0
STU0376,26,Male,Imo,Urban,731,268,5,3.33,Declining,68.5,Partial,0,0,High,Tetiarary,0,0,1,13,0
STU0377,29,Male,Oyo,Urban,608,191,6,2.09,Stable,93.1,Paid,0,0,Low,No formal,4,3,0,14,1
STU0378,17,Male,Plateau,Rural,307,224,7,2.66,Stable,82.8,Partial,0,0,Middle,Tetiarary,4,0,0,22,0
STU0379,22,Female,Kwara,Rural,468,360,5,5.0,Stable,100.0,Owing,0,0,Low,Secondary,3,3,0,13,0
STU0380,27,Female,Imo,Urban,239,337,8,4.73,Improving,67.9,Paid,1,0,Middle,Tetiarary,3,0,0,14,0
STU0381,20,Male,Cross River,Urban,700,304,3,3.85,Declining,67.4,Partial,0,0,Low,Primary,1,3,0,19,1
STU0382,30,Female,Niger,Rural,42,204,4,2.41,Stable,71.0,Paid,0,0,Low,Tetiarary,3,1,1,22,0
STU0383,26,Female,Niger,Rural,143,318,5,4.1,Stable,48.1,Paid,0,1,Middle,No formal,4,2,0,22,0
STU0384,20,Male,Benue,Rural,199,268,8,3.43,Stable,72.1,Paid,0,0,High,Secondary,3,2,0,23,0
STU0385,18,Female,Anambra,Urban,531,358,8,4.79,Stable,68.6,Owing,0,0,Low,Primary,0,2,0,17,0
STU0386,20,Male,Plateau,Urban,773,160,5,1.85,Stable,82.3,Paid,1,1,High,Tetiarary,1,1,0,18,0
STU0387,27,Female,Abuja,Urban,651,320,7,4.63,Declining,85.1,Owing,1,0,Low,Tetiarary,1,2,0,21,0
STU0388,17,Male,Cross River,Urban,5,155,3,1.46,Improving,100.0,Partial,0,0,Low,No formal,4,0,0,24,1
STU0389,19,Male,Enugu,Urban,565,262,4,3.32,Stable,94.3,Paid,0,0,Middle,No formal,3,3,0,21,0
STU0390,21,Male,Ogun,Rural,100,200,5,2.54,Improving,71.3,Partial,1,0,High,Secondary,0,1,0,17,0
STU0391,16,Male,Anambra,Urban,717,193,4,1.92,Improving,66.5,Owing,0,0,Low,Primary,3,2,0,12,0
STU0392,25,Female,Benue,Rural,417,307,6,4.1,Stable,87.4,Partial,0,1,Low,Tetiarary,2,0,0,22,0
STU0393,19,Male,Plateau,Urban,542,165,8,1.43,Improving,60.2,Partial,0,0,High,Tetiarary,3,0,0,14,1
STU0394,21,Male,Ogun,Urban,859,219,8,2.67,Improving,100.0,Owing,0,0,Middle,Tetiarary,4,1,1,24,0
STU0395,24,Female,Akwa Ibom,Urban,433,359,5,5.0,Declining,97.7,Paid,0,0,High,Tetiarary,3,1,0,12,0
STU0396,29,Male,Akwa Ibom,Urban,239,204,5,2.41,Stable,73.0,Owing,0,0,Low,Tetiarary,1,2,1,23,0
STU0397,26,Male,Cross River,Rural,353,239,6,2.72,Improving,54.3,Owing,0,1,Middle,No formal,0,3,0,21,0
STU0398,26,Female,Ogun,Urban,760,213,7,2.47,Improving,100.0,Partial,0,0,Middle,Secondary,4,2,0,23,0
STU0399,28,Female,Kano,Urban,874,331,5,4.52,Improving,78.3,Owing,0,0,Middle,Secondary,2,2,0,20,0
STU0400,17,Male,Kaduna,Urban,485,310,8,4.26,Stable,98.6,Partial,0,0,High,Secondary,0,1,1,24,0
STU0401,26,Male,Kwara,Urban,843,156,4,1.28,Stable,56.1,Partial,0,0,High,Tetiarary,0,2,0,20,1
STU0402,22,Female,Rivers,Rural,400,260,3,3.29,Stable,71.0,Partial,0,0,Middle,Tetiarary,1,2,0,16,0
STU0403,21,Male,Benue,Urban,355,326,4,4.53,Improving,80.1,Paid,0,1,High,Tetiarary,1,3,1,15,0
STU0404,17,Male,Osun,Rural,420,162,7,1.58,Stable,80.7,Partial,0,0,Middle,Primary,1,0,0,23,1
STU0405,23,Male,Akwa Ibom,Rural,890,274,3,3.53,Stable,73.2,Paid,0,0,Low,Secondary,4,0,0,20,0
STU0406,22,Male,Kaduna,Urban,891,311,4,4.47,Stable,89.3,Paid,1,0,Middle,Tetiarary,3,3,0,20,0
STU0407,26,Female,Oyo,Urban,55,320,4,4.13,Declining,64.0,Paid,0,0,Middle,Tetiarary,0,0,0,14,0
STU0408,20,Female,Edo,Rural,85,210,6,2.52,Stable,77.9,Paid,0,0,Low,Secondary,3,2,1,16,0
STU0409,27,Female,Benue,Rural,40,247,7,3.06,Improving,81.8,Paid,0,1,Middle,Tetiarary,3,3,0,14,0
STU0410,20,Female,Kano,Urban,71,218,8,2.56,Declining,87.7,Owing,0,0,Middle,Tetiarary,1,3,0,21,1
STU0411,22,Male,Edo,Urban,645,301,6,4.0,Improving,90.7,Paid,0,0,High,Secondary,3,1,0,13,0
STU0412,24,Male,Benue,Urban,886,185,3,1.78,Stable,63.1,Partial,0,0,High,Primary,0,0,0,12,0
STU0413,26,Female,Imo,Urban,671,335,8,4.39,Declining,57.0,Paid,0,0,Middle,Tetiarary,0,1,0,23,0
STU0414,30,Male,Abuja,Urban,761,345,6,4.77,Stable,99.2,Paid,0,0,Low,Tetiarary,2,2,0,21,0
STU0415,24,Male,Edo,Urban,627,217,7,2.84,Declining,85.0,Paid,1,0,Middle,Primary,4,3,0,13,0
STU0416,24,Female,Cross River,Urban,684,155,5,1.26,Improving,68.8,Paid,0,0,High,Tetiarary,3,2,0,19,0
STU0417,21,Female,Imo,Urban,485,210,5,2.52,Stable,100.0,Partial,0,0,Low,Tetiarary,4,0,1,22,0
STU0418,25,Male,Akwa Ibom,Urban,472,235,3,2.85,Improving,81.7,Partial,0,0,Middle,Tetiarary,4,1,0,19,0
STU0419,21,Female,Kwara,Rural,146,286,5,3.74,Stable,97.7,Paid,0,0,High,Primary,4,0,0,14,0
STU0420,18,Female,Anambra,Urban,360,141,6,1.32,Stable,81.0,Partial,0,0,Middle,Tetiarary,4,2,1,18,1
STU0421,16,Male,Kano,Rural,713,149,3,1.36,Stable,100.0,Owing,0,0,Low,Primary,0,1,0,18,1
STU0422,22,Female,Niger,Urban,475,317,8,4.58,Improving,100.0,Paid,1,0,Low,Tetiarary,3,0,0,13,0
STU0423,19,Male,Kano,Rural,625,264,7,3.46,Improving,76.3,Paid,0,0,Middle,Tetiarary,2,2,1,20,0
STU0424,16,Male,Enugu,Urban,892,220,3,2.59,Stable,94.6,Partial,0,1,High,Secondary,4,0,0,14,0
STU0425,30,Female,Abuja,Rural,595,368,8,5.0,Declining,89.7,Paid,0,0,Middle,Secondary,2,3,0,13,0
STU0426,23,Female,Kano,Urban,677,279,3,3.62,Declining,100.0,Owing,0,0,Middle,Tetiarary,0,1,0,23,1
STU0427,27,Male,Cross River,Urban,443,209,4,2.2,Declining,65.5,Partial,0,0,Middle,Tetiarary,0,1,0,14,0
STU0428,21,Male,Delta,Rural,535,289,4,3.79,Stable,90.3,Partial,0,0,Middle,Secondary,1,1,0,13,0
STU0429,21,Male,Rivers,Urban,131,171,3,1.74,Improving,95.9,Paid,0,0,Middle,Primary,4,3,0,19,0
STU0430,17,Female,Abuja,Rural,209,244,5,2.81,Stable,53.6,Partial,0,1,Low,No formal,1,1,0,16,0
STU0431,30,Male,Delta,Urban,33,223,4,2.44,Stable,62.3,Paid,0,0,Middle,Primary,2,3,0,14,0
STU0432,16,Male,Osun,Urban,449,268,7,3.23,Improving,49.4,Owing,0,1,Middle,Tetiarary,3,1,0,16,0
STU0433,28,Male,Benue,Urban,723,321,8,4.35,Stable,76.0,Partial,0,0,Low,Tetiarary,1,0,0,22,0
STU0434,29,Male,Abuja,Rural,468,197,6,2.19,Improving,90.8,Paid,0,1,Middle,Tetiarary,0,0,0,22,0
STU0435,29,Male,Abuja,Urban,284,337,4,5.0,Stable,100.0,Partial,1,0,High,No formal,4,0,1,19,1
STU0436,17,Female,Oyo,Rural,155,350,3,4.85,Improving,81.1,Paid,0,0,Middle,Tetiarary,2,0,0,18,0
STU0437,19,Male,Kaduna,Urban,244,285,5,3.82,Improving,100.0,Paid,0,0,High,No formal,0,3,1,17,1
STU0438,17,Male,Rivers,Rural,270,273,6,3.31,Stable,59.3,Partial,0,0,Low,Tetiarary,3,2,0,24,1
STU0439,16,Female,Osun,Urban,698,184,8,1.87,Stable,54.4,Partial,0,1,High,Secondary,4,2,1,12,0
STU0440,22,Female,Abuja,Urban,109,236,8,2.87,Stable,79.2,Partial,0,0,Low,No formal,3,0,0,21,1
STU0441,26,Male,Kwara,Urban,437,162,4,1.68,Declining,85.8,Paid,0,0,Middle,Secondary,3,2,1,12,0
STU0442,26,Male,Imo,Urban,501,162,8,1.58,Improving,79.5,Partial,0,0,Middle,Secondary,4,2,0,12,0
STU0443,30,Female,Lagos,Urban,444,293,8,3.66,Declining,49.0,Paid,0,1,Middle,Tetiarary,4,1,0,21,0
STU0444,27,Male,Kogi,Urban,752,344,5,5.0,Improving,78.7,Partial,1,0,High,Tetiarary,3,3,1,19,0
STU0445,23,Female,Edo,Urban,689,274,5,3.33,Stable,60.4,Partial,0,0,Middle,Tetiarary,2,0,0,19,0
STU0446,21,Male,Plateau,Urban,162,218,5,2.56,Stable,90.0,Partial,0,0,Middle,Tetiarary,4,2,0,18,0
STU0447,19,Male,Osun,Urban,176,183,3,1.95,Declining,85.5,Owing,0,0,High,Secondary,0,2,0,17,1
STU0448,29,Male,Delta,Urban,498,166,8,1.45,Stable,65.9,Owing,0,0,Middle,Secondary,1,0,0,15,1
STU0449,21,Female,Plateau,Urban,315,165,8,1.63,Improving,72.3,Owing,0,0,Low,Tetiarary,2,1,0,12,1
STU0450,18,Female,Kaduna,Rural,407,236,8,2.77,Stable,64.1,Owing,0,0,Low,Secondary,4,0,1,20,1
STU0451,27,Male,Rivers,Rural,673,346,7,4.88,Stable,79.1,Partial,0,0,Middle,No formal,4,1,1,12,1
STU0452,23,Male,Akwa Ibom,Urban,774,175,5,1.81,Stable,94.3,Owing,0,0,High,Tetiarary,2,2,0,15,0
STU0453,25,Male,Anambra,Rural,680,248,6,2.88,Improving,65.2,Owing,0,1,Low,No formal,1,3,0,14,1
STU0454,29,Male,Kwara,Rural,663,194,4,2.14,Stable,87.6,Partial,0,0,Low,Primary,3,1,0,18,1
STU0455,28,Female,Plateau,Urban,670,331,6,4.82,Improving,72.0,Paid,1,0,Low,Primary,0,1,0,16,1
STU0456,28,Male,Plateau,Urban,467,358,3,4.89,Declining,68.1,Paid,0,0,Middle,No formal,4,0,1,16,1
STU0457,17,Female,Cross River,Rural,371,324,3,4.4,Stable,78.4,Owing,0,0,Low,No formal,1,2,0,15,0
STU0458,20,Female,Abuja,Rural,554,208,8,2.18,Improving,64.5,Partial,0,0,Low,No formal,0,3,0,12,1
STU0459,16,Female,Kwara,Rural,647,200,6,2.24,Declining,71.7,Owing,0,0,Middle,Secondary,2,0,0,16,1
STU0460,21,Female,Kano,Rural,874,269,8,3.24,Stable,62.0,Paid,0,0,High,Secondary,4,0,0,15,0
STU0461,17,Male,Kaduna,Urban,259,194,7,2.14,Stable,100.0,Paid,0,0,Middle,Primary,3,3,0,21,1
STU0462,19,Male,Enugu,Urban,212,261,3,3.3,Improving,80.5,Partial,0,1,Middle,Tetiarary,2,2,0,24,0
STU0463,21,Male,Osun,Urban,454,236,3,2.67,Stable,69.5,Owing,0,0,Low,Primary,4,3,0,19,1
STU0464,25,Male,Oyo,Urban,99,219,6,2.57,Stable,83.2,Paid,0,0,High,No formal,1,0,0,13,0
STU0465,26,Male,Rivers,Urban,864,226,3,2.7,Declining,78.3,Owing,0,0,Middle,Secondary,0,0,0,19,1
STU0466,23,Male,Plateau,Urban,843,177,7,2.14,Improving,76.7,Partial,1,0,High,Secondary,0,1,0,12,0
STU0467,27,Female,Kaduna,Urban,482,258,7,3.35,Improving,89.2,Paid,0,0,High,Secondary,4,3,1,24,0
STU0468,23,Male,Kano,Urban,687,347,7,4.8,Declining,91.4,Paid,0,0,High,Secondary,2,3,0,15,0
STU0469,26,Female,Ogun,Urban,766,217,4,2.64,Declining,72.0,Paid,0,0,Low,Tetiarary,3,3,1,14,0
STU0470,21,Female,Imo,Urban,194,296,7,3.91,Improving,71.4,Paid,0,0,Middle,Tetiarary,1,0,0,16,0
STU0471,19,Female,Abuja,Urban,715,293,7,3.86,Declining,75.9,Partial,0,0,Low,Tetiarary,4,2,0,24,0
STU0472,23,Male,Kwara,Urban,488,174,4,1.59,Improving,45.5,Paid,0,0,High,Secondary,1,0,0,16,0
STU0473,28,Male,Kwara,Rural,737,218,8,2.36,Declining,57.3,Paid,0,0,High,Secondary,0,1,0,16,0
STU0474,23,Male,Kogi,Rural,540,206,5,2.35,Declining,100.0,Owing,0,0,High,Primary,3,0,0,23,1
STU0475,25,Male,Kogi,Urban,760,226,3,2.7,Improving,100.0,Partial,0,1,Middle,Tetiarary,1,0,0,15,0
STU0476,29,Male,Kano,Urban,427,296,7,3.91,Improving,76.3,Partial,0,0,Middle,Primary,4,0,0,19,0
STU0477,16,Female,Enugu,Rural,840,173,3,1.77,Improving,88.6,Paid,0,0,Middle,Secondary,3,1,0,14,1
STU0478,19,Male,Abuja,Urban,644,236,6,2.97,Improving,84.7,Owing,0,0,Middle,Secondary,2,3,1,23,0
STU0479,19,Male,Ogun,Rural,609,308,3,4.12,Improving,100.0,Owing,0,0,Middle,Tetiarary,4,2,0,15,0
STU0480,22,Female,Delta,Urban,816,308,8,4.42,Declining,96.8,Partial,1,0,Middle,Tetiarary,1,2,0,12,1
STU0481,29,Male,Ogun,Rural,137,290,4,3.81,Stable,78.1,Owing,0,0,High,Tetiarary,3,1,0,18,0
STU0482,29,Male,Osun,Rural,59,210,3,2.22,Stable,65.7,Owing,0,1,Middle,Primary,4,3,0,12,1
STU0483,26,Female,Kogi,Rural,514,142,3,1.03,Declining,55.9,Partial,0,0,High,Secondary,3,3,0,13,1
STU0484,22,Male,Benue,Urban,674,197,3,2.19,Stable,83.1,Partial,0,1,High,Tetiarary,3,1,0,22,0
STU0485,28,Female,Osun,Rural,545,171,5,1.54,Stable,68.7,Paid,0,0,Middle,Secondary,3,0,0,18,1
STU0486,26,Male,Edo,Rural,414,170,5,1.52,Improving,58.7,Paid,0,0,Middle,Secondary,1,3,0,12,1
STU0487,30,Female,Imo,Rural,215,221,6,2.61,Stable,70.3,Paid,0,0,Middle,Tetiarary,4,2,0,22,0
STU0488,23,Male,Niger,Urban,670,182,4,1.73,Improving,63.8,Paid,0,0,Middle,Tetiarary,0,1,0,14,0
STU0489,26,Male,Edo,Rural,297,274,3,3.53,Declining,100.0,Paid,0,1,Low,Tetiarary,0,2,0,24,0
STU0490,20,Female,Abuja,Urban,738,244,3,3.01,Stable,93.2,Owing,0,0,Middle,Secondary,1,0,0,17,0
STU0491,22,Male,Edo,Urban,119,140,3,1.2,Stable,79.9,Paid,0,0,High,Secondary,1,1,0,17,0
STU0492,23,Male,Osun,Urban,674,200,3,2.24,Stable,100.0,Owing,0,0,Low,Secondary,3,2,0,17,1
STU0493,30,Male,Akwa Ibom,Urban,263,153,5,1.43,Stable,81.2,Partial,0,0,High,Tetiarary,4,2,0,22,0
STU0494,24,Male,Enugu,Rural,767,319,8,4.21,Stable,67.1,Paid,0,0,High,Tetiarary,4,0,1,24,0
STU0495,18,Male,Kaduna,Rural,126,363,8,5.0,Stable,100.0,Partial,0,0,Middle,Tetiarary,2,1,0,13,0
STU0496,18,Female,Ogun,Urban,303,145,6,1.29,Declining,88.1,Paid,0,1,Middle,Tetiarary,2,3,0,13,0
STU0497,19,Female,Abuja,Rural,779,242,7,2.77,Improving,64.4,Owing,0,0,High,Tetiarary,0,3,0,17,0
STU0498,20,Female,Plateau,Rural,385,149,4,1.36,Improving,77.1,Owing,0,0,Middle,Secondary,2,2,0,21,1
STU0499,25,Male,Cross River,Urban,565,210,8,2.22,Stable,66.9,Paid,0,1,Low,Tetiarary,2,0,0,16,0
STU0500,16,Male,Ogun,Urban,893,229,3,2.55,Declining,59.3,Owing,0,1,High,Tetiarary,0,2,0,18,0
STU0501,30,Female,Kaduna,Urban,845,365,8,5.0,Stable,93.9,Partial,0,0,Middle,No formal,0,0,0,18,0
STU0502,30,Female,Lagos,Urban,505,297,6,3.93,Stable,100.0,Paid,0,0,High,Secondary,2,3,0,16,0
STU0503,22,Male,Kano,Urban,301,367,7,4.95,Stable,59.0,Partial,0,0,Middle,Tetiarary,4,2,0,19,0
STU0504,24,Male,Niger,Urban,366,288,8,3.77,Improving,88.4,Partial,0,0,Low,Secondary,2,2,0,21,1
STU0505,23,Male,Akwa Ibom,Urban,593,265,6,3.47,Stable,70.2,Paid,0,0,High,Tetiarary,3,0,1,17,0
STU0506,30,Male,Kaduna,Rural,467,327,5,4.45,Declining,72.7,Partial,0,0,High,Secondary,3,1,0,16,1
STU0507,30,Female,Cross River,Rural,442,348,7,4.82,Declining,71.1,Paid,0,0,Low,Tetiarary,3,0,0,15,1
STU0508,20,Male,Kwara,Urban,131,236,6,2.67,Improving,67.0,Partial,0,0,High,Secondary,1,1,0,18,0
STU0509,29,Female,Edo,Urban,201,213,8,2.47,Stable,80.7,Paid,0,1,High,No formal,3,3,0,15,0
STU0510,29,Male,Imo,Urban,225,254,5,2.98,Stable,67.5,Owing,0,0,Middle,Secondary,4,2,0,16,0
STU0511,19,Male,Edo,Urban,95,330,6,4.5,Improving,84.1,Partial,0,0,Middle,Secondary,1,2,0,16,0
STU0512,27,Female,Niger,Urban,415,309,6,4.14,Stable,79.2,Paid,0,0,Low,Secondary,1,0,0,12,1
STU0513,22,Male,Akwa Ibom,Urban,12,190,8,2.37,Improving,76.4,Paid,1,0,Middle,Primary,3,0,0,12,1
STU0514,20,Male,Plateau,Urban,548,331,7,4.32,Stable,66.4,Paid,0,1,Low,Tetiarary,2,3,0,14,0
STU0515,22,Female,Benue,Urban,472,343,5,4.73,Stable,71.3,Partial,0,0,Middle,Secondary,0,3,0,22,0
STU0516,27,Female,Akwa Ibom,Urban,324,195,3,2.46,Stable,91.3,Paid,1,0,Middle,Tetiarary,2,1,0,14,0
STU0517,16,Female,Enugu,Rural,398,347,4,4.8,Stable,87.5,Owing,0,0,High,Tetiarary,2,3,0,13,0
STU0518,16,Male,Lagos,Urban,273,180,7,1.8,Stable,65.3,Owing,0,0,High,Tetiarary,1,3,1,23,0
STU0519,25,Male,Kaduna,Urban,195,171,5,1.84,Stable,81.5,Partial,0,0,Low,Secondary,1,3,1,13,0
STU0520,29,Female,Kwara,Urban,865,154,6,1.54,Improving,91.3,Paid,0,1,High,Secondary,1,3,1,17,0
STU0521,28,Male,Niger,Rural,679,201,5,2.06,Stable,55.0,Paid,0,0,Middle,Secondary,4,1,0,24,0
STU0522,18,Female,Rivers,Rural,65,294,4,3.88,Declining,88.2,Partial,0,1,Middle,Tetiarary,4,3,0,12,0
STU0523,29,Male,Imo,Urban,442,167,8,2.07,Improving,70.1,Partial,1,1,Low,Tetiarary,0,1,1,17,0
STU0524,26,Male,Abuja,Rural,268,348,4,4.82,Stable,88.6,Partial,0,1,High,Secondary,1,0,0,16,0
STU0525,17,Female,Delta,Urban,801,203,3,2.1,Stable,68.6,Partial,0,0,High,No formal,3,2,0,17,1
STU0526,17,Male,Imo,Rural,99,326,3,4.23,Stable,52.9,Paid,0,0,High,Primary,1,0,0,16,1
STU0527,22,Male,Niger,Urban,557,325,4,4.22,Stable,55.6,Owing,0,0,High,Secondary,4,3,0,18,0
STU0528,27,Male,Benue,Urban,474,269,7,3.44,Stable,80.7,Paid,0,0,Middle,Secondary,1,2,0,12,1
STU0529,25,Male,Osun,Rural,665,266,7,3.79,Improving,83.9,Partial,1,0,High,Tetiarary,4,3,1,24,0
STU0530,17,Male,Kano,Urban,720,175,6,1.71,Stable,66.4,Partial,0,0,Middle,Secondary,1,3,1,14,1
STU0531,26,Male,Lagos,Rural,783,253,3,3.17,Stable,89.6,Paid,0,0,Low,Tetiarary,3,0,0,17,0
STU0532,19,Male,Kaduna,Urban,518,338,6,4.44,Improving,55.1,Partial,0,0,High,Tetiarary,0,3,0,12,0
STU0533,17,Female,Rivers,Rural,694,152,3,1.51,Stable,79.0,Owing,0,0,High,Tetiarary,3,0,1,24,0
STU0534,21,Male,Kaduna,Urban,198,154,4,1.24,Stable,61.8,Partial,0,0,Middle,Primary,4,3,0,22,1
STU0535,23,Female,Edo,Urban,486,228,7,2.73,Declining,70.2,Paid,0,0,Low,Secondary,2,1,0,22,0
STU0536,25,Male,Imo,Rural,340,354,7,5.0,Improving,80.7,Paid,1,0,Low,Secondary,3,2,0,18,0
STU0537,19,Female,Plateau,Rural,439,327,4,4.25,Declining,67.1,Paid,0,0,Middle,Tetiarary,1,0,0,15,0
STU0538,30,Male,Edo,Rural,200,161,6,1.57,Stable,74.2,Paid,0,0,Low,Secondary,0,0,0,14,1
STU0539,20,Female,Enugu,Rural,859,330,6,4.5,Stable,95.1,Owing,0,0,Low,Secondary,1,2,0,21,1
STU0540,19,Female,Rivers,Rural,253,357,5,4.97,Improving,71.3,Partial,0,0,Middle,Secondary,1,0,0,20,1
STU0541,18,Female,Rivers,Urban,502,364,3,5.0,Stable,92.5,Paid,0,0,High,Secondary,3,2,0,12,0
STU0542,20,Female,Rivers,Urban,216,342,6,4.81,Declining,63.1,Owing,1,0,High,Tetiarary,0,1,0,19,0
STU0543,29,Male,Cross River,Urban,669,213,4,2.47,Stable,87.9,Partial,0,0,Middle,No formal,2,3,0,12,0
STU0544,24,Female,Ogun,Urban,674,164,6,1.62,Stable,100.0,Paid,0,0,High,Secondary,1,1,0,24,0
STU0545,23,Female,Abuja,Rural,470,240,7,3.04,Stable,42.9,Paid,1,0,Middle,Primary,0,3,0,16,1
STU0546,23,Female,Niger,Urban,878,315,3,4.04,Stable,68.0,Paid,0,0,Middle,Secondary,2,2,0,21,0
STU0547,23,Male,Enugu,Rural,655,310,8,4.46,Stable,88.7,Owing,1,0,Middle,Tetiarary,1,1,0,19,0
STU0548,27,Female,Lagos,Urban,225,256,5,3.52,Declining,77.0,Partial,1,0,Middle,Primary,0,3,0,17,0
STU0549,23,Male,Anambra,Rural,277,305,3,4.07,Stable,85.6,Owing,0,0,Low,Secondary,3,2,0,18,0
STU0550,22,Male,Akwa Ibom,Urban,158,180,7,2.2,Improving,70.9,Paid,1,0,Middle,Tetiarary,1,3,0,22,0
STU0551,23,Male,Rivers,Urban,253,312,7,4.19,Stable,81.3,Owing,0,1,Middle,Tetiarary,1,0,0,19,0
STU0552,26,Male,Oyo,Rural,283,227,7,2.71,Declining,77.7,Paid,0,1,Middle,No formal,0,0,0,24,0
STU0553,29,Female,Oyo,Urban,444,307,7,4.2,Declining,97.5,Owing,0,0,High,Secondary,1,2,1,17,0
STU0554,23,Female,Plateau,Urban,820,249,4,3.4,Stable,83.8,Owing,1,0,Middle,Primary,2,3,0,22,0
STU0555,28,Female,Imo,Urban,280,259,5,3.27,Declining,85.1,Paid,0,0,High,Secondary,1,0,0,17,1
STU0556,29,Female,Anambra,Urban,518,236,8,2.87,Improving,73.8,Partial,0,0,Middle,Secondary,4,1,0,22,0
STU0557,23,Male,Kaduna,Urban,92,284,7,3.7,Improving,72.7,Partial,0,0,High,Primary,2,3,0,17,0
STU0558,27,Female,Kwara,Rural,803,355,7,5.0,Improving,73.5,Owing,0,0,Middle,Tetiarary,0,3,1,16,1
STU0559,25,Male,Benue,Urban,646,368,6,5.0,Improving,85.9,Paid,0,0,High,Primary,2,0,0,19,0
STU0560,22,Female,Ogun,Urban,509,196,5,2.17,Improving,73.7,Partial,0,0,High,Tetiarary,4,0,0,24,0
STU0561,27,Female,Plateau,Urban,594,269,3,3.44,Stable,84.3,Owing,0,0,Middle,Tetiarary,4,2,0,13,0
STU0562,16,Female,Cross River,Rural,776,235,5,2.85,Stable,100.0,Partial,0,1,High,Tetiarary,1,3,0,18,0
STU0563,19,Male,Akwa Ibom,Rural,245,260,5,3.29,Stable,93.1,Paid,0,0,Low,Secondary,1,1,0,15,1
STU0564,28,Female,Anambra,Urban,657,201,8,2.26,Stable,75.1,Owing,0,0,High,Tetiarary,3,0,0,12,0
STU0565,28,Male,Enugu,Urban,744,355,5,5.0,Declining,98.0,Paid,1,0,Low,Tetiarary,2,3,0,24,0
STU0566,19,Male,Benue,Urban,679,276,8,3.57,Improving,73.9,Partial,0,0,Middle,Primary,3,0,0,16,0
STU0567,20,Female,Delta,Rural,240,207,7,2.17,Stable,49.4,Paid,0,0,Middle,Secondary,4,2,0,14,0
STU0568,25,Male,Oyo,Rural,132,220,7,2.39,Stable,64.9,Paid,0,0,Middle,No formal,1,3,0,15,0
STU0569,21,Female,Kaduna,Rural,507,156,4,1.38,Declining,51.9,Partial,0,0,Middle,Tetiarary,1,3,1,18,1
STU0570,19,Male,Plateau,Urban,204,256,8,3.22,Improving,74.7,Paid,0,0,High,Secondary,1,2,0,16,0
STU0571,30,Male,Rivers,Urban,547,189,8,2.15,Improving,80.3,Partial,0,0,Middle,Primary,0,1,1,15,1
STU0572,17,Female,Kogi,Urban,506,251,3,3.23,Stable,100.0,Partial,0,0,High,Tetiarary,4,0,1,12,0
STU0573,21,Male,Ogun,Urban,654,233,6,2.82,Declining,84.9,Paid,0,1,Middle,No formal,1,2,0,17,0
STU0574,30,Male,Lagos,Urban,496,307,5,4.1,Stable,76.7,Paid,0,0,Low,Tetiarary,4,3,0,22,0
STU0575,23,Male,Lagos,Urban,25,325,3,4.52,Stable,92.4,Partial,0,1,Low,No formal,1,2,1,21,0
STU0576,30,Male,Osun,Rural,238,342,8,4.51,Improving,46.8,Paid,0,1,High,Tetiarary,2,3,0,17,0
STU0577,23,Female,Delta,Urban,718,224,3,2.66,Declining,83.5,Partial,0,0,Low,No formal,4,2,0,18,1
STU0578,22,Male,Kwara,Rural,795,288,4,3.77,Improving,91.6,Partial,0,0,Middle,Secondary,3,1,0,12,1
STU0579,21,Female,Akwa Ibom,Urban,647,285,6,3.52,Improving,57.8,Owing,0,0,Low,Tetiarary,0,3,0,15,0
STU0580,17,Female,Delta,Rural,420,322,8,4.37,Improving,97.2,Partial,0,0,Middle,Secondary,3,2,0,23,0
STU0581,30,Male,Anambra,Rural,152,296,8,4.31,Stable,85.1,Paid,1,1,High,Secondary,4,1,1,20,0
STU0582,22,Female,Osun,Rural,33,291,5,3.83,Improving,73.8,Owing,0,1,Middle,Tetiarary,1,1,0,23,0
STU0583,26,Female,Delta,Rural,365,213,6,2.47,Declining,89.5,Owing,0,0,Low,No formal,4,0,0,21,1
STU0584,27,Male,Niger,Rural,312,248,4,3.38,Declining,100.0,Partial,1,0,Middle,Tetiarary,0,3,0,17,0
STU0585,29,Male,Abuja,Urban,887,284,7,3.7,Stable,82.7,Owing,0,0,Middle,No formal,4,0,0,13,0
STU0586,29,Male,Lagos,Urban,166,157,3,1.8,Stable,83.7,Partial,1,0,Low,Primary,1,1,0,15,1
STU0587,20,Female,Ogun,Rural,873,181,5,1.91,Improving,73.1,Partial,0,0,Middle,Primary,3,0,0,17,1
STU0588,21,Female,Imo,Rural,856,351,8,4.97,Stable,67.3,Paid,1,0,Middle,Tetiarary,2,0,0,15,0
STU0589,25,Male,Anambra,Rural,65,240,7,2.94,Stable,92.5,Partial,0,0,Low,Primary,3,2,0,21,0
STU0590,23,Female,Kaduna,Urban,129,184,4,1.77,Improving,67.2,Paid,0,0,Middle,Tetiarary,1,0,0,18,0
STU0591,29,Female,Kwara,Urban,460,221,6,2.61,Stable,81.1,Paid,0,0,Middle,Tetiarary,1,1,0,23,0
STU0592,23,Female,Cross River,Rural,75,156,3,1.78,Improving,72.8,Paid,1,0,Middle,Secondary,0,0,0,24,0
STU0593,18,Female,Kwara,Rural,842,212,5,2.45,Declining,87.2,Paid,0,0,Middle,Tetiarary,4,3,0,14,0
STU0594,27,Male,Edo,Urban,880,153,8,1.43,Stable,85.0,Paid,0,0,Middle,Tetiarary,4,2,0,17,0
STU0595,27,Female,Imo,Urban,470,316,8,4.26,Declining,95.6,Partial,0,0,Middle,Secondary,3,1,0,24,0
STU0596,29,Female,Kwara,Urban,247,296,7,3.91,Declining,72.3,Paid,0,0,High,Primary,2,0,0,23,0
STU0597,22,Female,Benue,Urban,494,362,7,5.0,Declining,76.0,Owing,1,0,Low,Secondary,2,3,0,15,1
STU0598,16,Male,Osun,Urban,765,271,3,3.58,Stable,65.3,Paid,1,0,Middle,Tetiarary,0,1,0,14,0
STU0599,16,Male,Niger,Urban,225,221,6,2.61,Stable,73.3,Paid,0,1,Middle,Tetiarary,1,0,0,23,0
STU0600,22,Male,Ogun,Rural,477,287,4,3.76,Stable,85.7,Paid,0,0,Middle,Primary,0,2,0,14,0
STU0601,30,Male,Abuja,Urban,537,259,6,3.27,Declining,91.4,Paid,0,0,High,Primary,4,0,0,13,0
STU0602,30,Female,Niger,Urban,498,259,6,3.07,Stable,66.2,Paid,0,0,Middle,Tetiarary,1,1,0,22,0
STU0603,25,Male,Kaduna,Rural,86,186,6,2.1,Declining,93.0,Partial,0,0,Middle,No formal,0,1,1,14,0
STU0604,24,Female,Lagos,Rural,860,246,3,3.04,Improving,100.0,Partial,0,0,High,Tetiarary,3,1,0,24,0
STU0605,22,Female,Kano,Rural,883,247,3,3.16,Stable,86.2,Paid,0,0,High,No formal,4,3,1,23,1
STU0606,25,Female,Niger,Urban,526,148,4,1.44,Stable,100.0,Paid,0,0,High,Tetiarary,2,0,1,21,0
STU0607,20,Male,Kwara,Rural,16,344,6,4.55,Declining,68.4,Paid,0,0,Middle,Tetiarary,0,0,0,12,0
STU0608,23,Female,Oyo,Urban,267,218,3,2.36,Improving,61.3,Owing,0,0,High,Secondary,4,0,0,14,1
STU0609,17,Female,Kwara,Rural,661,294,4,3.68,Stable,53.3,Partial,0,0,Low,No formal,4,2,0,20,0
STU0610,24,Female,Kano,Rural,453,154,8,1.44,Stable,100.0,Paid,0,0,Middle,Secondary,2,3,0,15,1
STU0611,21,Male,Niger,Urban,196,359,4,5.0,Improving,89.8,Paid,0,0,Low,Secondary,2,3,0,14,1
STU0612,28,Male,Oyo,Urban,766,368,6,5.0,Stable,79.2,Owing,0,0,Low,Secondary,2,2,0,19,1
STU0613,24,Male,Lagos,Urban,118,158,5,1.81,Stable,84.2,Paid,1,0,Middle,Tetiarary,0,3,0,12,1
STU0614,17,Male,Edo,Rural,30,229,6,2.65,Improving,63.1,Partial,0,1,High,Primary,2,2,1,16,0
STU0615,18,Male,Delta,Urban,787,319,5,4.31,Stable,100.0,Paid,0,1,Middle,Secondary,3,1,0,12,0
STU0616,27,Female,Imo,Rural,503,165,4,1.63,Declining,81.9,Partial,0,0,High,Tetiarary,4,1,0,18,1
STU0617,23,Female,Imo,Urban,512,356,8,4.96,Declining,81.6,Owing,0,0,Middle,Tetiarary,2,3,0,16,0
STU0618,16,Male,Ogun,Urban,549,293,8,3.86,Stable,90.9,Owing,0,0,Middle,Secondary,4,1,0,13,0
STU0619,30,Male,Edo,Rural,66,293,3,4.16,Stable,87.2,Partial,1,0,Middle,Tetiarary,1,1,0,23,0
STU0620,25,Female,Niger,Rural,233,313,8,4.21,Stable,83.4,Paid,0,0,Middle,Tetiarary,1,1,0,12,0
STU0621,30,Male,Rivers,Rural,819,231,7,2.58,Declining,68.1,Partial,0,1,Middle,Secondary,2,0,0,22,0
STU0622,30,Female,Osun,Urban,611,316,4,4.26,Stable,87.1,Paid,0,0,Middle,Primary,4,1,0,18,0
STU0623,30,Male,Cross River,Urban,39,221,3,2.71,Stable,100.0,Owing,0,0,Low,No formal,1,0,1,23,0
STU0624,22,Male,Oyo,Urban,709,363,8,5.0,Improving,100.0,Partial,0,0,Low,Tetiarary,2,2,0,12,0
STU0625,22,Male,Ogun,Urban,460,320,4,4.43,Stable,100.0,Paid,0,0,High,Tetiarary,4,2,1,14,0
STU0626,28,Female,Kano,Urban,592,270,6,3.56,Improving,72.3,Paid,0,0,Middle,Tetiarary,2,2,1,22,0
STU0627,16,Male,Oyo,Rural,895,333,8,4.66,Declining,65.2,Partial,1,0,Middle,No formal,4,2,0,17,0
STU0628,24,Female,Edo,Urban,506,364,5,5.0,Stable,78.1,Owing,0,0,Low,Secondary,1,2,0,17,0
STU0629,23,Male,Kogi,Urban,765,181,4,1.91,Stable,80.8,Partial,0,0,Middle,Tetiarary,2,1,0,18,0
STU0630,19,Male,Kogi,Urban,599,158,3,1.51,Stable,96.4,Paid,0,0,High,Secondary,1,1,0,22,0
STU0631,25,Female,Cross River,Urban,29,156,6,1.28,Declining,54.6,Paid,0,0,High,Primary,2,1,0,22,0
STU0632,26,Male,Akwa Ibom,Rural,573,300,7,3.98,Improving,100.0,Paid,0,0,High,Secondary,0,2,0,12,0
STU0633,20,Female,Akwa Ibom,Urban,36,215,6,2.5,Stable,77.6,Owing,0,0,Low,Tetiarary,1,2,0,18,1
STU0634,17,Male,Anambra,Urban,835,316,8,4.26,Stable,73.6,Owing,0,0,High,No formal,1,0,0,13,1
STU0635,28,Male,Akwa Ibom,Urban,16,323,5,4.28,Declining,64.8,Owing,0,0,Low,Secondary,3,3,1,17,0
STU0636,24,Female,Delta,Rural,323,202,6,2.08,Improving,55.2,Partial,0,0,Middle,Tetiarary,1,1,0,24,0
STU0637,30,Female,Kogi,Rural,849,270,7,3.46,Stable,92.3,Partial,0,0,Low,Tetiarary,4,3,0,19,0
STU0638,27,Male,Imo,Rural,608,246,3,3.04,Stable,81.1,Partial,0,0,High,Tetiarary,2,2,0,24,0
STU0639,27,Female,Abuja,Urban,5,188,4,2.13,Declining,60.7,Partial,1,0,Middle,Tetiarary,0,2,0,16,0
STU0640,21,Male,Cross River,Urban,439,194,5,2.24,Improving,60.6,Partial,1,0,Middle,Primary,4,2,0,21,0
STU0641,18,Female,Ogun,Rural,842,293,7,3.86,Stable,75.0,Paid,0,1,High,Primary,4,3,0,14,0
STU0642,27,Female,Benue,Rural,140,238,8,3.0,Improving,100.0,Partial,0,1,Low,Tetiarary,4,0,1,22,0
STU0643,22,Male,Edo,Rural,200,339,8,4.66,Improving,76.1,Paid,0,0,Middle,No formal,4,2,0,19,1
STU0644,24,Male,Niger,Rural,137,191,8,1.99,Improving,57.5,Paid,0,0,Middle,Tetiarary,0,0,1,19,0
STU0645,18,Male,Kaduna,Urban,90,239,5,3.32,Declining,76.3,Owing,1,0,Middle,Tetiarary,3,0,1,15,0
STU0646,17,Male,Kano,Rural,480,256,6,3.22,Improving,75.9,Owing,0,0,High,Primary,1,1,0,19,1
STU0647,22,Male,Edo,Rural,811,257,5,3.03,Declining,39.5,Partial,0,0,Middle,Secondary,4,3,0,16,0
STU0648,22,Female,Kogi,Rural,795,146,8,1.3,Improving,79.2,Paid,0,0,High,Secondary,1,2,0,24,0
STU0649,19,Female,Niger,Urban,328,185,7,1.98,Declining,76.5,Owing,0,0,Middle,Secondary,1,0,0,22,1
STU0650,26,Male,Edo,Urban,184,185,4,1.98,Stable,90.4,Partial,0,0,High,Secondary,4,3,0,16,0
STU0651,24,Male,Abuja,Urban,520,239,4,2.92,Improving,100.0,Paid,0,0,Middle,Tetiarary,3,3,0,14,0
STU0652,29,Female,Osun,Urban,642,283,5,3.79,Stable,96.9,Partial,0,0,High,Secondary,1,2,1,18,0
STU0653,23,Female,Niger,Urban,179,291,8,3.83,Stable,76.0,Paid,0,0,Low,Tetiarary,2,1,0,22,0
STU0654,28,Male,Imo,Rural,767,328,3,4.27,Stable,63.4,Partial,0,0,High,No formal,1,1,0,22,0
STU0655,28,Male,Kogi,Urban,25,193,5,2.12,Stable,100.0,Owing,0,0,Middle,No formal,4,0,0,20,1
STU0656,16,Male,Benue,Urban,109,201,8,2.26,Stable,80.9,Paid,0,1,Low,No formal,0,1,0,20,0
STU0657,16,Male,Akwa Ibom,Urban,582,268,6,3.43,Stable,80.2,Paid,0,0,Low,Tetiarary,1,1,0,12,0
STU0658,20,Male,Benue,Urban,447,188,4,2.03,Declining,79.6,Paid,0,1,High,Secondary,3,1,0,12,0
STU0659,21,Male,Delta,Rural,779,164,4,1.62,Stable,83.0,Paid,0,0,Low,Primary,2,3,0,21,1
STU0660,18,Male,Kogi,Urban,53,149,4,1.36,Declining,77.8,Paid,0,0,Low,Tetiarary,2,2,0,23,1
STU0661,28,Female,Niger,Urban,532,257,3,3.23,Declining,71.4,Paid,0,0,High,Primary,0,3,0,23,0
STU0662,24,Male,Imo,Rural,149,347,8,4.9,Improving,71.8,Paid,0,0,High,Primary,0,3,1,22,0
STU0663,27,Male,Kano,Rural,344,283,8,3.79,Improving,79.5,Paid,0,0,Middle,Secondary,1,2,1,16,0
STU0664,25,Male,Kano,Urban,766,325,8,4.52,Stable,71.8,Paid,0,0,Middle,Secondary,4,3,1,12,0
STU0665,29,Female,Anambra,Rural,859,339,8,4.46,Stable,69.3,Paid,0,1,Middle,Secondary,3,0,0,15,0
STU0666,30,Female,Enugu,Rural,358,296,3,4.31,Stable,81.6,Partial,1,0,High,Secondary,2,0,1,23,0
STU0667,21,Male,Niger,Rural,79,231,7,2.78,Stable,76.2,Partial,0,0,High,Secondary,0,3,0,12,0
STU0668,19,Male,Lagos,Urban,806,273,5,3.81,Stable,100.0,Paid,1,0,High,Tetiarary,3,1,0,13,0
STU0669,27,Female,Niger,Rural,798,283,5,3.79,Stable,40.2,Partial,1,0,Low,Tetiarary,4,3,0,13,1
STU0670,22,Male,Enugu,Urban,582,287,8,3.76,Improving,96.4,Owing,0,1,Middle,Tetiarary,2,1,0,15,0
STU0671,23,Male,Abuja,Urban,641,219,6,2.57,Declining,98.7,Owing,0,1,Low,Tetiarary,2,3,0,19,1
STU0672,24,Male,Kogi,Urban,323,210,4,2.22,Stable,48.9,Paid,0,1,Low,Secondary,4,0,0,13,0
STU0673,28,Female,Kaduna,Urban,91,217,3,2.54,Stable,74.9,Partial,0,0,High,Tetiarary,2,1,0,20,0
STU0674,26,Female,Benue,Rural,557,182,6,1.93,Stable,74.4,Paid,0,0,Low,Secondary,4,0,0,23,0
STU0675,21,Female,Benue,Urban,702,293,6,3.66,Improving,58.9,Paid,0,0,Middle,Tetiarary,2,3,0,20,0
STU0676,30,Male,Rivers,Urban,870,229,8,2.55,Stable,68.3,Paid,0,0,High,Secondary,1,2,0,13,0
STU0677,21,Female,Niger,Urban,896,217,3,2.44,Improving,63.3,Paid,0,0,Middle,Primary,4,1,1,12,0
STU0678,23,Female,Edo,Urban,851,338,5,4.94,Improving,100.0,Partial,1,0,Low,Tetiarary,3,1,0,21,0
STU0679,27,Female,Oyo,Rural,782,300,4,3.98,Stable,94.0,Partial,0,0,High,Tetiarary,1,3,0,21,1
STU0680,20,Male,Kaduna,Urban,787,165,5,2.03,Improving,99.1,Partial,1,0,High,Tetiarary,3,3,1,20,0
STU0681,29,Male,Edo,Rural,46,260,6,3.39,Stable,90.8,Paid,0,0,High,Primary,2,1,1,13,0
STU0682,18,Female,Plateau,Rural,97,184,4,1.77,Stable,63.1,Paid,0,0,Middle,Secondary,3,2,0,19,0
STU0683,27,Male,Oyo,Rural,701,351,7,4.87,Improving,72.1,Paid,0,0,Low,Secondary,1,3,0,14,1
STU0684,18,Male,Lagos,Rural,731,202,6,2.28,Improving,87.3,Paid,0,0,Low,Secondary,4,3,0,12,0
STU0685,28,Male,Niger,Urban,511,334,5,4.37,Declining,61.7,Owing,0,0,High,Primary,0,3,0,22,1
STU0686,21,Female,Delta,Rural,533,319,5,4.31,Improving,90.7,Partial,0,0,Low,Secondary,3,2,0,12,1
STU0687,17,Female,Oyo,Rural,269,207,8,2.77,Stable,76.4,Owing,1,0,High,Primary,0,1,1,21,1
STU0688,21,Male,Enugu,Rural,630,293,5,4.16,Stable,74.4,Partial,1,0,Middle,Secondary,3,0,0,13,0
STU0689,28,Female,Kano,Rural,296,342,3,4.71,Declining,90.7,Paid,0,0,Middle,Tetiarary,3,3,0,18,1
STU0690,21,Female,Enugu,Rural,468,141,6,1.52,Declining,86.7,Paid,1,0,High,Tetiarary,4,2,0,23,0
STU0691,23,Female,Anambra,Rural,808,281,4,3.75,Declining,74.6,Partial,0,0,High,No formal,2,1,1,17,1
STU0692,22,Male,Enugu,Rural,564,247,5,3.36,Improving,97.4,Paid,1,0,Middle,Secondary,1,1,0,23,0
STU0693,23,Male,Edo,Urban,823,169,8,1.6,Declining,63.8,Owing,0,1,High,No formal,1,2,1,22,0
STU0694,29,Male,Edo,Urban,101,188,8,2.43,Improving,89.2,Partial,1,0,High,No formal,1,3,1,13,1
STU0695,24,Male,Kano,Urban,891,279,5,3.62,Improving,88.9,Paid,0,0,High,Tetiarary,2,0,0,15,0
STU0696,21,Female,Cross River,Urban,99,357,3,4.97,Stable,75.4,Partial,0,0,High,Tetiarary,0,3,0,13,0
STU0697,29,Male,Enugu,Rural,330,183,8,1.95,Stable,84.9,Owing,0,0,High,Tetiarary,1,1,0,12,0
STU0698,18,Female,Enugu,Rural,78,300,4,3.78,Improving,61.2,Paid,0,0,High,Secondary,0,0,0,23,0
STU0699,25,Male,Kogi,Rural,340,152,6,1.41,Improving,93.9,Partial,0,0,Low,Tetiarary,2,3,0,14,1
STU0700,18,Male,Niger,Rural,72,217,7,2.54,Declining,77.2,Paid,0,0,Middle,Primary,2,0,0,15,0
STU0701,26,Male,Plateau,Urban,762,355,3,4.94,Declining,72.2,Partial,0,0,Low,Primary,4,2,0,21,1
STU0702,27,Male,Kogi,Rural,81,265,8,3.37,Stable,95.7,Paid,0,0,Low,Primary,1,3,0,16,1
STU0703,16,Male,Abuja,Urban,212,237,6,2.69,Stable,69.4,Paid,0,1,Middle,Tetiarary,4,1,0,16,0
STU0704,26,Female,Anambra,Urban,888,165,7,1.43,Declining,58.9,Partial,0,0,Low,Primary,1,1,0,18,1
STU0705,30,Male,Kaduna,Urban,770,288,5,3.57,Declining,56.7,Paid,0,0,High,Primary,2,0,0,21,0
STU0706,28,Female,Anambra,Rural,225,295,5,3.9,Stable,89.1,Partial,0,1,High,Tetiarary,2,2,0,19,0
STU0707,30,Female,Ogun,Urban,266,187,4,2.12,Stable,60.8,Owing,1,1,Low,No formal,3,3,0,20,0
STU0708,20,Male,Plateau,Rural,414,367,7,5.0,Improving,100.0,Paid,1,0,Low,No formal,3,2,0,23,1
STU0709,29,Female,Kwara,Urban,335,307,5,4.0,Stable,48.8,Partial,0,0,High,Primary,2,2,1,18,0
STU0710,19,Female,Plateau,Urban,348,205,5,2.43,Stable,100.0,Partial,0,0,High,No formal,2,0,1,16,1
STU0711,24,Male,Osun,Urban,775,340,8,4.68,Stable,83.2,Paid,0,0,High,Tetiarary,0,0,0,20,1
STU0712,30,Male,Kaduna,Urban,824,226,4,2.7,Stable,78.5,Partial,0,0,High,Secondary,0,3,0,19,0
STU0713,24,Female,Cross River,Rural,78,218,6,2.56,Improving,71.8,Partial,0,0,High,Primary,4,1,0,21,0
STU0714,30,Male,Oyo,Urban,641,344,5,4.75,Declining,86.0,Partial,0,0,Middle,Primary,3,3,0,20,0
STU0715,29,Male,Niger,Rural,704,162,3,1.58,Improving,79.4,Owing,0,0,Middle,Tetiarary,3,2,0,21,1
STU0716,20,Female,Imo,Rural,258,220,3,2.69,Stable,96.5,Partial,0,0,High,Secondary,2,0,1,19,0
STU0717,25,Male,Kogi,Rural,837,187,6,2.02,Declining,81.7,Owing,0,0,Middle,Tetiarary,2,2,0,17,1
STU0718,19,Male,Akwa Ibom,Urban,824,263,7,3.34,Stable,82.3,Partial,0,0,High,Secondary,4,0,0,15,0
STU0719,22,Female,Imo,Rural,751,269,4,3.44,Stable,74.5,Paid,0,0,Middle,Primary,3,1,0,20,0
STU0720,30,Female,Abuja,Urban,766,223,8,2.64,Stable,79.1,Partial,0,0,High,Tetiarary,0,2,0,23,0
STU0721,21,Male,Enugu,Urban,336,159,3,1.53,Declining,84.6,Paid,0,0,Middle,Secondary,1,0,0,20,0
STU0722,19,Male,Kano,Urban,402,326,3,4.23,Declining,54.3,Partial,0,0,Middle,Primary,4,3,0,21,0
STU0723,28,Female,Kogi,Rural,349,185,6,1.78,Stable,59.8,Partial,0,0,Middle,Secondary,1,3,0,21,0
STU0724,28,Female,Oyo,Urban,588,270,7,3.76,Declining,91.1,Partial,1,1,High,Secondary,0,3,0,20,0
STU0725,30,Male,Kaduna,Urban,751,322,7,4.37,Improving,82.6,Paid,0,0,Middle,Primary,0,2,0,21,0
STU0726,25,Male,Kaduna,Urban,840,151,6,1.39,Declining,77.2,Partial,0,0,High,Tetiarary,1,0,0,14,1
STU0727,17,Male,Imo,Urban,672,179,3,2.18,Declining,80.3,Paid,1,0,High,Tetiarary,4,0,0,22,0
STU0728,16,Female,Lagos,Urban,459,205,4,2.33,Stable,85.2,Partial,0,0,High,Primary,1,0,0,23,0
STU0729,19,Female,Benue,Rural,119,239,3,2.92,Declining,71.9,Partial,0,0,High,Secondary,4,2,0,14,0
STU0730,19,Female,Kaduna,Urban,317,217,7,2.34,Stable,68.3,Owing,0,0,Middle,Tetiarary,4,0,0,22,0
STU0731,28,Female,Enugu,Rural,232,155,8,1.46,Stable,82.9,Paid,0,0,Low,Primary,2,1,0,17,1
STU0732,16,Female,Enugu,Rural,838,222,3,2.73,Declining,65.3,Partial,1,0,Low,Secondary,3,2,0,17,0
STU0733,21,Male,Ogun,Rural,862,301,4,4.1,Stable,86.1,Partial,0,0,High,Tetiarary,3,1,1,24,1
STU0734,19,Female,Edo,Urban,249,183,5,1.85,Stable,54.5,Owing,0,0,High,Tetiarary,0,1,1,24,0
STU0735,16,Female,Ogun,Rural,822,273,3,3.91,Stable,95.4,Partial,1,0,Low,Tetiarary,2,3,1,17,1
STU0736,16,Male,Abuja,Urban,530,344,6,4.75,Declining,87.1,Paid,0,0,Middle,Tetiarary,3,2,0,16,0
STU0737,30,Male,Kogi,Urban,532,331,5,4.52,Declining,83.8,Paid,0,0,Middle,Tetiarary,4,0,0,16,0
STU0738,28,Female,Kogi,Rural,431,239,6,3.22,Improving,94.7,Partial,1,0,Low,Secondary,4,1,0,13,1
STU0739,16,Male,Kogi,Rural,46,161,6,1.57,Stable,100.0,Partial,0,0,Middle,Tetiarary,1,2,0,18,0
STU0740,23,Male,Akwa Ibom,Rural,469,157,6,1.6,Declining,95.2,Owing,0,0,Middle,No formal,1,0,1,23,0
STU0741,25,Female,Enugu,Rural,626,151,3,1.19,Stable,52.4,Paid,0,0,Low,Secondary,4,3,0,15,1
STU0742,23,Female,Abuja,Urban,282,319,7,4.11,Declining,60.8,Owing,0,0,Middle,No formal,4,2,0,14,0
STU0743,17,Male,Kogi,Rural,840,262,5,3.32,Declining,70.6,Paid,0,0,Middle,Tetiarary,1,2,0,19,0
STU0744,26,Female,Enugu,Urban,23,361,4,5.0,Stable,80.4,Owing,0,0,Low,Primary,3,2,0,15,0
STU0745,28,Male,Niger,Urban,70,256,7,3.32,Stable,87.8,Owing,0,0,Middle,Tetiarary,0,0,1,22,0
STU0746,22,Male,Plateau,Rural,171,190,3,2.27,Stable,69.1,Partial,1,0,Middle,Tetiarary,1,1,1,15,0
STU0747,29,Male,Enugu,Rural,589,210,6,2.42,Stable,82.8,Partial,0,1,Low,No formal,3,1,0,19,1
STU0748,23,Female,Kano,Urban,407,363,4,4.88,Stable,68.7,Paid,0,0,Low,Tetiarary,3,2,0,12,0
STU0749,23,Female,Benue,Urban,826,187,5,2.02,Declining,70.8,Paid,0,0,Low,Tetiarary,3,2,0,20,0
STU0750,26,Female,Anambra,Urban,413,158,7,1.31,Declining,58.9,Paid,0,0,Low,Tetiarary,2,0,0,18,1
STU0751,25,Female,Akwa Ibom,Urban,116,145,8,1.09,Stable,66.2,Paid,0,0,High,No formal,2,3,0,23,0
STU0752,30,Male,Cross River,Rural,278,223,7,2.44,Declining,59.7,Partial,0,1,Middle,Tetiarary,3,2,0,13,0
STU0753,26,Male,Kogi,Rural,411,294,4,3.68,Stable,65.4,Paid,0,0,Low,Tetiarary,4,2,0,22,1
STU0754,28,Female,Kogi,Rural,377,192,3,2.1,Stable,95.8,Owing,0,0,Low,Secondary,2,3,0,23,1
STU0755,22,Male,Cross River,Rural,601,246,5,2.84,Stable,65.8,Paid,0,0,Middle,Secondary,1,2,0,17,0
STU0756,20,Female,Rivers,Urban,655,240,4,3.04,Declining,100.0,Partial,0,0,High,Secondary,2,1,1,19,0
STU0757,16,Female,Kaduna,Urban,43,187,6,2.02,Stable,87.4,Partial,0,0,Middle,Tetiarary,4,2,0,22,1
STU0758,27,Female,Oyo,Urban,109,274,5,3.53,Stable,82.8,Paid,0,0,Low,Secondary,0,1,0,16,1
STU0759,24,Male,Edo,Rural,328,326,7,4.33,Stable,67.1,Paid,0,0,Middle,Primary,2,0,1,17,0
STU0760,28,Male,Enugu,Rural,797,208,4,2.38,Improving,90.5,Paid,0,1,Middle,Tetiarary,3,0,0,23,0
STU0761,22,Male,Osun,Rural,418,150,7,1.37,Stable,71.4,Partial,0,0,Low,No formal,3,1,0,21,0
STU0762,17,Male,Niger,Urban,433,282,7,3.67,Improving,81.8,Partial,0,0,Middle,Tetiarary,3,1,0,19,0
STU0763,21,Female,Abuja,Urban,639,331,7,4.52,Declining,100.0,Paid,0,0,Middle,Secondary,0,3,0,24,0
STU0764,17,Male,Akwa Ibom,Rural,734,270,3,3.46,Improving,78.6,Owing,0,0,Low,Secondary,4,1,0,17,1
STU0765,30,Male,Akwa Ibom,Urban,893,261,7,3.6,Stable,97.2,Paid,1,0,High,Primary,1,1,0,23,0
STU0766,16,Male,Ogun,Rural,65,208,6,2.28,Improving,69.5,Partial,0,0,High,Tetiarary,4,2,1,20,1
STU0767,29,Male,Akwa Ibom,Urban,616,162,6,1.68,Declining,79.5,Paid,0,0,Middle,Tetiarary,0,3,1,23,0
STU0768,22,Male,Cross River,Urban,311,320,5,4.33,Stable,100.0,Partial,0,0,Middle,Tetiarary,3,1,0,20,0
STU0769,28,Male,Ogun,Rural,358,176,8,1.83,Declining,70.6,Owing,0,0,Middle,Tetiarary,4,1,0,20,0
STU0770,17,Male,Kwara,Urban,397,148,7,1.34,Declining,100.0,Partial,0,0,Middle,Primary,1,1,0,17,1
STU0771,28,Male,Kano,Rural,208,154,7,1.84,Declining,90.6,Paid,1,1,High,Secondary,3,2,1,23,1
STU0772,29,Male,Kaduna,Rural,262,270,4,3.76,Declining,71.6,Paid,1,0,Middle,Secondary,1,2,0,23,0
STU0773,29,Male,Lagos,Urban,490,232,3,3.1,Improving,89.5,Owing,1,0,Low,Tetiarary,2,2,0,20,0
STU0774,17,Male,Oyo,Rural,521,337,8,4.63,Stable,94.6,Partial,0,0,Middle,Tetiarary,1,0,0,14,0
STU0775,28,Male,Lagos,Urban,450,156,5,1.48,Stable,89.3,Paid,0,0,High,Secondary,3,2,0,16,1
STU0776,26,Female,Rivers,Urban,713,293,8,3.76,Declining,56.4,Partial,0,0,Middle,Tetiarary,2,1,1,13,0
STU0777,20,Female,Lagos,Rural,184,288,7,3.67,Declining,69.1,Paid,0,0,High,Tetiarary,3,2,1,23,0
STU0778,29,Female,Ogun,Urban,346,211,4,2.73,Declining,76.3,Paid,1,0,High,Primary,3,2,0,24,0
STU0779,20,Male,Osun,Urban,137,288,3,3.77,Improving,78.9,Owing,0,0,Low,Tetiarary,2,3,0,24,1
STU0780,22,Male,Plateau,Rural,447,260,5,3.29,Stable,89.3,Partial,0,0,High,Secondary,1,1,0,19,0
STU0781,16,Female,Cross River,Urban,840,150,8,1.37,Stable,82.7,Paid,0,0,Middle,Tetiarary,0,2,0,22,0
STU0782,23,Male,Kwara,Rural,257,305,5,3.87,Improving,60.0,Partial,0,0,High,Secondary,0,0,0,24,0
STU0783,18,Female,Kaduna,Rural,269,211,7,2.43,Improving,85.7,Owing,0,1,High,Secondary,0,3,0,15,0
STU0784,19,Male,Kogi,Urban,97,245,5,3.03,Stable,89.2,Paid,0,0,Middle,No formal,0,2,0,17,0
STU0785,30,Male,Kano,Urban,666,355,4,5.0,Declining,88.4,Partial,0,0,Middle,Tetiarary,4,3,1,17,1
STU0786,24,Female,Akwa Ibom,Urban,415,264,5,3.36,Stable,96.2,Partial,0,0,High,Tetiarary,0,3,0,16,0
STU0787,19,Male,Rivers,Urban,142,174,6,1.79,Stable,92.5,Paid,0,0,Low,No formal,2,0,0,23,0
STU0788,25,Male,Kano,Rural,212,258,4,3.25,Stable,86.9,Partial,0,0,Middle,Tetiarary,0,0,0,23,0
STU0789,27,Male,Kwara,Rural,641,153,8,1.73,Stable,78.9,Paid,1,0,Middle,Tetiarary,3,0,0,12,1
STU0790,30,Male,Kwara,Urban,750,153,3,1.23,Declining,55.1,Partial,0,0,High,Tetiarary,0,1,0,22,1
STU0791,20,Male,Cross River,Rural,577,149,3,1.36,Stable,86.4,Owing,0,0,High,No formal,1,3,0,18,1
STU0792,22,Female,Enugu,Rural,311,279,7,3.72,Improving,83.1,Paid,0,0,Low,Secondary,2,2,1,21,1
STU0793,19,Female,Plateau,Urban,270,177,7,1.84,Stable,84.1,Owing,0,1,High,Tetiarary,2,0,0,19,0
STU0794,29,Female,Abuja,Rural,650,247,6,2.96,Declining,60.8,Partial,0,0,Middle,Primary,4,0,1,12,0
STU0795,16,Male,Anambra,Rural,322,258,8,3.35,Stable,63.8,Paid,1,1,High,Secondary,3,3,0,21,0
STU0796,24,Female,Osun,Urban,117,173,3,1.77,Stable,95.8,Partial,0,0,Middle,Secondary,2,3,0,18,0
STU0797,19,Female,Oyo,Urban,382,308,3,4.12,Improving,79.4,Paid,0,0,Low,Primary,1,3,0,15,0
STU0798,24,Male,Kano,Rural,458,149,3,1.66,Improving,90.2,Owing,1,0,Low,Secondary,0,2,0,17,1
STU0799,21,Female,Imo,Urban,195,261,3,3.3,Declining,80.4,Partial,0,0,Low,Tetiarary,2,1,0,20,0
STU0800,30,Female,Kaduna,Urban,895,284,5,3.8,Stable,80.4,Partial,0,0,Low,Secondary,1,1,1,16,1
STU0801,16,Female,Benue,Rural,444,284,8,3.7,Stable,94.1,Partial,0,0,High,Primary,0,0,0,19,0
STU0802,27,Male,Plateau,Rural,191,334,4,4.57,Stable,72.3,Partial,0,1,Low,Secondary,4,1,0,16,1
STU0803,18,Male,Abuja,Urban,835,329,4,4.79,Declining,81.4,Owing,1,1,High,Tetiarary,2,2,0,13,0
STU0804,26,Female,Oyo,Urban,371,362,6,5.0,Improving,73.1,Partial,0,0,Middle,Tetiarary,2,1,0,15,0
STU0805,17,Male,Benue,Urban,93,254,5,3.48,Declining,73.5,Owing,1,0,High,Tetiarary,1,2,0,13,1
STU0806,24,Female,Anambra,Urban,191,140,3,1.2,Stable,75.4,Partial,0,0,Low,No formal,3,0,0,18,1
STU0807,30,Female,Ogun,Urban,823,151,3,1.39,Declining,83.3,Paid,0,0,High,Secondary,4,3,0,18,1
STU0808,27,Female,Benue,Urban,136,242,7,2.97,Declining,72.8,Owing,0,1,High,Tetiarary,3,2,0,14,0
STU0809,16,Male,Cross River,Urban,876,143,7,1.25,Stable,98.8,Partial,0,0,High,Tetiarary,2,3,0,24,0
STU0810,28,Female,Plateau,Urban,639,309,6,3.94,Improving,66.6,Partial,0,0,High,Tetiarary,3,0,0,18,1
STU0811,29,Male,Lagos,Urban,564,280,3,3.63,Improving,77.2,Owing,0,1,Low,No formal,0,2,0,12,1
STU0812,24,Female,Kogi,Urban,804,237,6,2.99,Declining,73.4,Paid,0,0,Low,Secondary,4,2,1,12,0
STU0813,24,Female,Edo,Urban,380,245,5,3.03,Improving,100.0,Paid,0,0,High,No formal,3,1,0,20,0
STU0814,23,Male,Kogi,Urban,695,224,4,2.66,Stable,82.9,Paid,0,0,High,Tetiarary,0,2,0,17,0
STU0815,23,Female,Ogun,Rural,696,353,3,5.0,Improving,95.5,Partial,1,0,Middle,No formal,1,0,0,24,1
STU0816,26,Male,Rivers,Urban,103,260,8,3.09,Stable,57.7,Owing,0,0,Middle,Primary,3,3,0,23,0
STU0817,29,Male,Benue,Rural,846,271,5,3.58,Improving,84.0,Owing,0,0,High,Secondary,4,2,1,16,0
STU0818,27,Male,Akwa Ibom,Rural,38,221,3,2.61,Declining,93.3,Partial,0,1,Middle,Secondary,0,0,0,24,1
STU0819,16,Male,Akwa Ibom,Urban,586,336,8,4.61,Declining,81.2,Partial,0,0,Low,Secondary,3,0,0,17,0
STU0820,26,Male,Imo,Rural,175,158,7,1.51,Stable,96.0,Owing,0,0,Middle,Secondary,1,2,0,17,0
STU0821,23,Male,Cross River,Urban,370,269,6,3.44,Stable,72.2,Partial,0,0,Low,Tetiarary,3,1,0,12,1
STU0822,25,Female,Ogun,Urban,788,151,7,1.39,Stable,100.0,Paid,0,1,Middle,Secondary,0,2,0,16,1
STU0823,29,Female,Osun,Urban,63,220,4,2.59,Declining,100.0,Partial,0,0,High,Secondary,3,2,0,20,1
STU0824,18,Female,Kaduna,Urban,185,213,7,2.47,Stable,74.6,Owing,0,0,High,Secondary,4,1,0,15,0
STU0825,26,Male,Imo,Urban,23,237,3,2.89,Stable,73.3,Owing,0,0,High,Secondary,2,0,0,14,0
STU0826,22,Female,Kano,Urban,230,145,8,1.29,Stable,100.0,Partial,0,1,High,Tetiarary,0,2,0,12,0
STU0827,26,Female,Abuja,Rural,477,275,7,3.55,Declining,100.0,Owing,0,0,Middle,Secondary,0,1,0,13,0
STU0828,30,Male,Kogi,Rural,99,264,3,3.36,Stable,72.2,Paid,0,0,High,Tetiarary,0,3,0,14,0
STU0829,16,Female,Kaduna,Urban,885,190,4,2.07,Stable,73.7,Paid,0,1,High,Secondary,0,3,0,15,0
STU0830,16,Male,Oyo,Urban,301,150,8,1.37,Stable,75.8,Owing,0,0,High,Tetiarary,3,1,0,18,0
STU0831,25,Female,Kano,Urban,597,330,7,4.3,Stable,59.8,Paid,0,0,High,Secondary,4,0,0,17,0
STU0832,28,Male,Abuja,Urban,179,324,6,4.3,Stable,66.2,Paid,0,0,Low,Secondary,1,1,1,22,0
STU0833,20,Male,Enugu,Rural,226,266,6,3.19,Stable,64.9,Paid,0,0,Low,Tetiarary,4,0,0,19,1
STU0834,20,Female,Osun,Urban,619,279,8,3.42,Stable,68.5,Partial,0,0,Low,Primary,0,3,0,20,1
STU0835,23,Male,Kaduna,Urban,58,212,6,2.45,Declining,79.5,Partial,0,0,High,Secondary,3,2,0,17,1
STU0836,22,Male,Abuja,Rural,699,141,7,1.22,Improving,83.5,Paid,0,1,Middle,Tetiarary,3,1,0,18,0
STU0837,23,Female,Benue,Rural,867,147,7,1.32,Stable,100.0,Owing,0,0,High,No formal,0,3,0,15,1
STU0838,21,Female,Kano,Urban,407,278,8,3.7,Stable,65.0,Owing,1,0,Middle,Secondary,3,2,0,13,1
STU0839,21,Female,Delta,Urban,322,263,7,3.34,Stable,94.8,Paid,0,0,High,Secondary,0,3,0,20,0
STU0840,17,Male,Anambra,Urban,871,192,3,2.4,Stable,76.8,Paid,1,0,Low,Tetiarary,4,1,0,20,0
STU0841,21,Male,Benue,Urban,353,367,4,5.0,Declining,79.3,Partial,1,0,Low,Tetiarary,2,1,0,15,0
STU0842,20,Female,Akwa Ibom,Urban,447,149,6,1.36,Stable,90.1,Partial,0,0,Middle,Secondary,3,2,0,23,0
STU0843,28,Male,Lagos,Urban,837,352,3,4.79,Declining,63.2,Paid,0,0,Middle,Secondary,0,1,1,14,0
STU0844,18,Male,Plateau,Rural,584,351,8,4.87,Declining,85.7,Paid,0,0,Low,No formal,0,3,0,21,0
STU0845,21,Male,Rivers,Urban,544,251,6,3.13,Stable,82.5,Paid,0,0,High,Primary,3,2,0,22,0
STU0846,23,Male,Rivers,Urban,790,147,3,1.42,Declining,87.4,Paid,0,0,Middle,Tetiarary,1,2,1,17,0
STU0847,24,Male,Imo,Urban,286,175,7,1.91,Stable,84.3,Partial,0,0,High,Primary,0,3,1,14,0
STU0848,16,Male,Benue,Urban,364,360,8,5.0,Stable,100.0,Partial,0,1,Low,Secondary,3,0,0,12,1
STU0849,18,Male,Akwa Ibom,Rural,827,245,8,3.03,Declining,70.4,Partial,0,0,High,Tetiarary,0,2,0,15,1
STU0850,18,Male,Plateau,Urban,635,343,6,4.73,Stable,72.0,Partial,0,0,Middle,Tetiarary,1,0,0,12,0
STU0851,26,Male,Kano,Urban,896,153,7,1.43,Improving,70.7,Paid,0,1,High,Tetiarary,2,3,0,13,1
STU0852,23,Male,Kaduna,Urban,650,321,6,4.35,Stable,71.7,Partial,0,0,Middle,Tetiarary,1,3,0,14,0
STU0853,16,Female,Kaduna,Urban,645,352,5,4.99,Stable,70.4,Paid,0,0,High,Tetiarary,4,2,1,19,0
STU0854,20,Female,Cross River,Urban,12,225,3,2.68,Improving,97.8,Partial,0,0,High,Primary,3,1,0,21,1
STU0855,18,Male,Niger,Urban,567,288,5,3.77,Declining,100.0,Partial,0,0,Low,Secondary,1,2,0,15,0
STU0856,17,Male,Edo,Urban,495,189,3,2.05,Stable,71.4,Partial,0,0,Low,Secondary,2,1,0,15,0
STU0857,30,Male,Edo,Urban,345,361,4,4.84,Declining,67.5,Partial,0,0,High,Secondary,0,0,0,24,1
STU0858,23,Male,Anambra,Urban,476,306,8,4.09,Improving,87.1,Partial,0,1,Middle,Tetiarary,3,1,0,21,0
STU0859,18,Male,Kano,Rural,797,159,6,1.83,Stable,71.7,Owing,1,0,Middle,Secondary,1,2,0,20,1
STU0860,22,Male,Niger,Rural,691,355,4,4.94,Improving,89.5,Partial,0,0,Middle,No formal,2,1,0,18,0
STU0861,27,Female,Plateau,Rural,699,226,4,2.7,Stable,83.0,Partial,0,0,Low,Secondary,1,3,0,13,1
STU0862,26,Female,Lagos,Rural,708,274,8,3.33,Stable,57.3,Owing,0,0,Low,Primary,4,0,0,14,1
STU0863,16,Male,Imo,Urban,253,276,8,3.57,Declining,100.0,Partial,0,0,Middle,Tetiarary,3,3,0,15,1
STU0864,21,Male,Abuja,Rural,239,268,3,3.43,Stable,100.0,Partial,0,0,High,Tetiarary,0,3,0,15,0
STU0865,18,Female,Kaduna,Urban,87,293,5,4.26,Stable,70.8,Paid,1,0,Middle,Secondary,2,3,1,21,0
STU0866,23,Male,Osun,Urban,97,305,7,4.07,Stable,74.2,Paid,0,0,Middle,Secondary,1,3,0,19,0
STU0867,21,Female,Edo,Urban,889,177,3,1.94,Improving,84.3,Partial,0,0,High,Tetiarary,3,1,1,21,1
STU0868,27,Male,Plateau,Urban,398,328,7,4.57,Stable,85.0,Partial,0,0,Middle,Tetiarary,1,3,1,21,0
STU0869,17,Female,Kaduna,Rural,828,183,4,1.95,Improving,89.9,Paid,0,0,High,Secondary,3,1,0,17,0
STU0870,21,Female,Ogun,Urban,272,225,7,2.68,Declining,100.0,Owing,0,0,High,Tetiarary,4,3,0,14,1
STU0871,22,Female,Imo,Urban,421,183,5,1.95,Declining,77.3,Paid,0,0,Low,Tetiarary,1,2,0,22,0
STU0872,20,Male,Delta,Urban,636,213,3,2.27,Stable,68.0,Partial,0,0,Middle,Tetiarary,4,3,0,20,0
STU0873,18,Male,Delta,Urban,587,258,8,3.15,Stable,59.3,Paid,0,0,High,Tetiarary,2,2,1,21,0
STU0874,19,Male,Enugu,Urban,533,329,5,4.29,Improving,69.0,Partial,0,1,High,Tetiarary,4,1,0,19,1
STU0875,19,Female,Kwara,Urban,257,261,5,3.3,Declining,79.5,Owing,0,0,Low,Secondary,3,0,0,20,0
STU0876,21,Male,Niger,Urban,126,273,3,3.81,Declining,100.0,Paid,1,0,Low,Tetiarary,2,1,0,16,0
STU0877,25,Male,Niger,Rural,896,284,8,4.0,Declining,72.2,Paid,1,0,Middle,Tetiarary,1,0,0,14,0
STU0878,16,Male,Osun,Urban,14,190,5,2.07,Stable,83.4,Partial,0,0,Middle,Tetiarary,1,0,0,15,0
STU0879,26,Male,Niger,Urban,803,177,8,1.84,Stable,79.8,Partial,0,0,Middle,Tetiarary,3,3,0,24,1
STU0880,19,Male,Kaduna,Rural,320,291,6,3.83,Stable,97.8,Partial,0,0,Middle,Secondary,0,0,0,23,0
STU0881,25,Female,Anambra,Rural,842,190,6,2.17,Declining,100.0,Owing,0,0,High,Primary,0,1,1,16,1
STU0882,28,Male,Anambra,Urban,277,149,6,1.36,Declining,72.0,Paid,0,0,Middle,Secondary,1,3,0,20,0
STU0883,19,Male,Anambra,Urban,310,259,7,3.27,Stable,72.7,Partial,0,0,High,Tetiarary,3,0,0,20,0
STU0884,25,Female,Abuja,Rural,809,339,5,4.96,Declining,95.7,Partial,1,1,Low,Primary,0,1,0,14,1
STU0885,16,Female,Osun,Urban,214,288,3,3.77,Declining,90.2,Owing,0,1,Low,Secondary,4,0,0,18,0
STU0886,24,Female,Imo,Urban,734,209,3,2.4,Stable,100.0,Owing,0,1,Middle,Secondary,1,0,0,17,0
STU0887,19,Male,Akwa Ibom,Urban,757,224,7,2.66,Declining,88.8,Partial,0,0,Low,Tetiarary,4,3,0,15,1
STU0888,22,Female,Akwa Ibom,Rural,890,196,3,2.17,Stable,74.6,Partial,0,1,Middle,Tetiarary,3,3,0,16,0
STU0889,27,Male,Akwa Ibom,Rural,468,265,6,3.37,Stable,88.9,Paid,0,0,High,Tetiarary,4,1,0,21,0
STU0890,29,Male,Edo,Rural,716,178,5,2.16,Improving,96.6,Paid,1,0,Low,Tetiarary,0,3,0,13,0
STU0891,18,Male,Niger,Urban,732,355,3,4.94,Stable,92.3,Partial,0,0,High,Secondary,0,3,0,22,1
STU0892,25,Male,Oyo,Urban,721,172,3,1.76,Declining,87.6,Partial,0,1,Middle,Tetiarary,2,2,0,18,0
STU0893,27,Male,Niger,Urban,420,326,4,4.53,Stable,96.0,Partial,0,0,Low,Secondary,1,2,1,15,1
STU0894,18,Female,Oyo,Rural,220,157,4,1.6,Improving,97.5,Partial,0,0,Middle,Primary,3,1,1,13,0
STU0895,29,Male,Niger,Rural,84,323,4,4.38,Stable,100.0,Paid,0,0,High,Tetiarary,1,3,0,22,1
STU0896,23,Male,Imo,Urban,783,359,5,5.0,Stable,89.7,Partial,0,0,Middle,Tetiarary,4,1,0,17,0
STU0897,23,Male,Cross River,Rural,484,196,6,2.17,Stable,77.5,Paid,0,0,Middle,Tetiarary,3,2,0,22,0
STU0898,26,Male,Ogun,Urban,895,235,8,2.85,Stable,82.2,Paid,0,0,High,Secondary,3,2,0,23,0
STU0899,27,Female,Cross River,Urban,551,343,6,4.73,Improving,98.1,Paid,0,0,High,Secondary,0,2,0,13,0
STU0900,16,Male,Akwa Ibom,Rural,805,187,6,1.82,Declining,67.7,Owing,0,0,Low,Secondary,4,1,0,21,1
STU0901,25,Female,Ogun,Urban,22,181,5,2.21,Declining,85.5,Paid,1,0,High,Primary,0,3,0,13,0
STU0902,17,Male,Cross River,Urban,169,166,5,1.65,Stable,74.1,Owing,0,0,Middle,Secondary,0,0,0,18,1
STU0903,23,Female,Plateau,Urban,529,213,4,2.47,Declining,80.4,Paid,0,0,High,Secondary,2,3,0,12,0
STU0904,16,Female,Kwara,Rural,206,249,3,3.5,Declining,99.2,Partial,1,0,Middle,Secondary,0,1,1,18,1
STU0905,30,Female,Imo,Rural,745,319,7,4.31,Stable,82.9,Owing,0,1,Low,Tetiarary,1,2,0,21,0
STU0906,27,Female,Ogun,Rural,350,309,7,4.14,Stable,80.7,Partial,0,0,Middle,Tetiarary,3,0,0,16,1
STU0907,23,Female,Benue,Rural,370,171,8,1.54,Declining,59.6,Paid,0,0,Middle,Tetiarary,0,1,0,12,0
STU0908,23,Male,Kano,Urban,452,165,3,1.63,Stable,91.2,Paid,0,1,Middle,Tetiarary,1,2,0,17,0
STU0909,17,Male,Imo,Urban,517,164,8,1.62,Stable,89.7,Owing,0,0,High,Secondary,4,1,0,18,0
STU0910,19,Female,Benue,Rural,323,214,4,2.79,Declining,100.0,Paid,1,0,High,Tetiarary,3,0,0,12,1
STU0911,21,Female,Enugu,Urban,221,162,8,1.58,Stable,75.4,Partial,0,1,Middle,No formal,4,2,0,20,0
STU0912,27,Male,Lagos,Rural,38,365,3,5.0,Declining,83.3,Partial,0,0,Middle,Primary,1,3,1,18,1
STU0913,26,Male,Enugu,Rural,875,196,3,2.17,Stable,83.7,Paid,0,0,Middle,Secondary,4,1,0,12,0
STU0914,24,Female,Oyo,Rural,270,319,7,4.31,Stable,100.0,Paid,0,0,Middle,Secondary,4,0,0,14,0
STU0915,30,Male,Kaduna,Urban,644,265,4,3.37,Stable,78.6,Partial,0,1,High,Tetiarary,4,3,0,16,0
STU0916,23,Male,Kwara,Urban,728,226,5,2.8,Stable,84.2,Partial,0,0,Middle,Secondary,0,0,1,15,0
STU0917,27,Male,Kwara,Rural,779,360,8,5.0,Declining,89.1,Paid,0,1,Middle,Tetiarary,0,1,0,13,0
STU0918,30,Female,Kaduna,Rural,828,170,7,2.02,Stable,82.8,Partial,1,0,Middle,Tetiarary,0,0,0,12,1
STU0919,23,Female,Abuja,Rural,84,203,8,2.3,Declining,73.3,Owing,0,0,Middle,Primary,3,2,0,15,1
STU0920,22,Male,Lagos,Urban,681,338,8,4.64,Stable,82.9,Owing,0,0,Middle,Secondary,1,0,0,18,0
STU0921,29,Male,Akwa Ibom,Urban,417,172,5,1.76,Stable,96.1,Paid,0,1,Middle,Tetiarary,0,1,0,22,1
STU0922,28,Male,Kwara,Rural,256,352,4,4.99,Declining,64.6,Paid,1,0,Low,Secondary,4,2,0,15,0
STU0923,24,Male,Kaduna,Rural,16,141,3,1.22,Improving,82.0,Owing,0,0,Low,Secondary,4,0,0,20,0
STU0924,30,Female,Kogi,Rural,405,157,6,1.3,Declining,69.5,Paid,0,0,Middle,Tetiarary,4,0,0,19,0
STU0925,17,Male,Kano,Urban,820,314,8,4.53,Improving,97.9,Paid,1,0,Middle,Tetiarary,4,2,0,19,0
STU0926,18,Male,Imo,Rural,728,300,6,3.78,Declining,57.2,Owing,0,0,Low,Tetiarary,2,3,0,16,1
STU0927,25,Female,Benue,Urban,286,368,4,5.0,Stable,71.6,Paid,0,0,High,Secondary,3,3,0,23,0
STU0928,23,Female,Oyo,Rural,116,365,6,5.0,Declining,85.7,Paid,0,0,Middle,Secondary,1,2,0,12,0
STU0929,29,Male,Abuja,Urban,727,223,8,2.94,Declining,100.0,Paid,1,0,High,Secondary,1,0,0,20,0
STU0930,21,Male,Anambra,Urban,382,174,5,2.09,Improving,79.0,Owing,1,0,Low,Secondary,0,3,0,13,0
STU0931,25,Female,Osun,Rural,755,318,6,4.3,Improving,71.7,Paid,0,1,Low,Secondary,2,2,0,17,0
STU0932,24,Male,Anambra,Urban,272,253,4,3.17,Stable,100.0,Owing,0,0,Middle,Primary,1,1,0,21,1
STU0933,25,Female,Enugu,Urban,302,285,4,3.52,Stable,58.3,Partial,0,0,Low,Tetiarary,3,0,0,16,0
STU0934,19,Male,Lagos,Urban,321,249,5,3.0,Improving,47.0,Partial,0,0,High,Tetiarary,4,1,1,21,0
STU0935,23,Female,Lagos,Rural,574,227,6,2.71,Improving,86.6,Paid,0,0,Low,Tetiarary,0,0,0,24,0
STU0936,25,Female,Anambra,Urban,513,211,6,2.43,Stable,72.5,Paid,0,0,Middle,Tetiarary,3,3,0,19,0
STU0937,18,Female,Benue,Urban,550,264,3,3.16,Improving,64.7,Partial,0,0,High,Secondary,1,1,0,22,0
STU0938,18,Female,Akwa Ibom,Rural,779,169,7,1.7,Declining,90.6,Paid,0,0,Middle,No formal,2,1,0,14,0
STU0939,23,Female,Imo,Urban,369,311,4,4.27,Declining,83.7,Owing,0,0,Low,Tetiarary,0,2,1,17,1
STU0940,20,Female,Kwara,Urban,551,192,3,2.1,Declining,71.5,Partial,0,0,Middle,Tetiarary,1,3,0,17,0
STU0941,18,Male,Niger,Urban,275,277,4,3.48,Improving,60.8,Partial,0,0,Middle,Secondary,0,3,1,21,0
STU0942,25,Male,Edo,Rural,478,226,3,2.7,Improving,93.1,Paid,0,0,Low,No formal,1,0,0,14,0
STU0943,26,Female,Oyo,Urban,743,319,7,4.61,Stable,89.8,Partial,1,0,Middle,Tetiarary,4,2,0,23,1
STU0944,16,Female,Edo,Rural,541,316,3,4.36,Declining,78.5,Paid,0,0,High,No formal,2,2,1,23,1
STU0945,30,Male,Kwara,Urban,238,278,4,3.6,Stable,100.0,Paid,0,0,High,Secondary,4,0,0,23,1
STU0946,18,Male,Enugu,Rural,63,333,6,4.66,Stable,63.9,Owing,1,0,Low,Secondary,1,1,0,18,0
STU0947,27,Female,Oyo,Rural,255,325,4,4.22,Improving,57.1,Partial,0,0,Low,Tetiarary,3,0,0,22,0
STU0948,24,Male,Lagos,Urban,851,357,8,4.77,Stable,69.6,Partial,0,0,Middle,Secondary,4,0,0,15,0
STU0949,20,Male,Kogi,Urban,90,303,5,4.03,Stable,79.3,Partial,0,0,Middle,Tetiarary,3,0,0,16,0
STU0950,27,Female,Imo,Rural,767,300,5,3.98,Improving,83.7,Partial,0,0,Middle,Secondary,1,2,0,20,0
STU0951,25,Female,Osun,Urban,394,314,8,4.23,Stable,76.4,Paid,0,0,High,Secondary,2,0,0,17,0
STU0952,30,Male,Kano,Rural,184,152,5,1.71,Stable,85.3,Paid,1,0,High,Tetiarary,3,0,0,21,0
STU0953,17,Male,Enugu,Urban,723,179,5,1.68,Stable,61.2,Owing,0,0,Low,Primary,1,0,0,24,1
STU0954,22,Male,Oyo,Rural,860,228,7,3.03,Stable,100.0,Paid,1,0,Middle,Secondary,3,3,0,15,0
STU0955,30,Male,Cross River,Urban,153,207,6,2.37,Declining,78.8,Partial,0,0,Low,Secondary,4,1,0,19,1
STU0956,17,Female,Akwa Ibom,Rural,587,181,6,2.01,Stable,96.8,Paid,0,1,Middle,Tetiarary,1,1,1,20,0
STU0957,19,Male,Kwara,Urban,125,286,4,3.74,Stable,85.1,Paid,0,0,Low,Primary,4,1,0,21,1
STU0958,27,Male,Oyo,Urban,769,349,8,4.83,Declining,86.9,Paid,0,0,Low,Secondary,0,1,0,16,0
STU0959,22,Male,Delta,Urban,609,368,3,5.0,Declining,88.5,Partial,0,0,Middle,Tetiarary,1,2,0,13,0
STU0960,19,Male,Kwara,Urban,260,233,4,2.82,Stable,86.7,Partial,0,0,Middle,Secondary,3,2,0,17,1
STU0961,22,Female,Niger,Urban,770,158,4,1.51,Improving,89.6,Paid,0,0,Low,No formal,0,0,0,22,0
STU0962,22,Male,Delta,Urban,868,325,4,4.42,Declining,99.9,Paid,0,0,High,Tetiarary,4,2,0,23,0
STU0963,16,Female,Kano,Rural,804,162,4,1.58,Improving,82.9,Owing,0,0,Middle,Secondary,4,1,0,19,1
STU0964,21,Female,Lagos,Urban,313,193,6,2.12,Declining,90.6,Paid,0,0,Low,No formal,3,3,0,24,0
STU0965,24,Male,Plateau,Rural,63,347,3,4.8,Improving,78.7,Owing,0,0,Low,Tetiarary,0,0,0,16,1
STU0966,17,Female,Imo,Urban,73,204,4,2.31,Declining,100.0,Owing,0,0,Middle,Tetiarary,2,0,0,12,0
STU0967,29,Male,Osun,Urban,450,279,6,3.42,Stable,69.9,Owing,0,0,High,Primary,3,1,0,19,1
STU0968,18,Female,Kaduna,Urban,392,163,4,1.7,Declining,100.0,Owing,0,0,Middle,Secondary,4,1,1,20,1
STU0969,25,Male,Rivers,Rural,90,173,5,2.07,Stable,79.4,Paid,1,0,High,Tetiarary,1,1,0,12,0
STU0970,20,Female,Oyo,Rural,790,192,4,1.9,Declining,58.5,Owing,0,0,Middle,No formal,0,2,0,19,0
STU0971,24,Male,Niger,Urban,231,275,8,3.55,Improving,81.9,Owing,0,0,Middle,No formal,2,0,0,21,0
STU0972,19,Female,Edo,Rural,597,157,8,1.3,Stable,69.8,Owing,0,0,Middle,Secondary,1,1,0,23,0
STU0973,16,Male,Kano,Urban,630,196,4,2.17,Improving,92.6,Paid,0,0,High,Tetiarary,0,3,0,13,0
STU0974,19,Female,Cross River,Urban,188,251,7,3.23,Declining,70.2,Owing,0,0,Middle,Primary,3,0,1,15,1
STU0975,21,Male,Ogun,Urban,796,144,5,1.27,Stable,73.3,Partial,0,0,High,Tetiarary,3,0,0,24,1
STU0976,20,Female,Enugu,Urban,326,293,3,3.66,Stable,51.7,Partial,0,0,Low,Tetiarary,0,2,0,13,1
STU0977,29,Male,Oyo,Urban,322,297,4,4.03,Stable,73.2,Paid,0,0,Middle,Secondary,2,0,1,13,0
STU0978,28,Male,Edo,Rural,570,321,3,4.15,Declining,43.6,Paid,0,0,Middle,Secondary,0,1,0,21,0
STU0979,16,Female,Benue,Urban,403,152,5,1.21,Stable,56.2,Owing,0,0,Middle,Tetiarary,1,1,0,14,0
STU0980,19,Female,Cross River,Rural,713,222,4,2.73,Stable,91.4,Partial,0,0,Middle,Primary,1,3,1,19,0
STU0981,21,Male,Oyo,Urban,297,168,7,1.69,Declining,91.8,Paid,0,0,Middle,Secondary,3,0,0,15,0
STU0982,28,Female,Enugu,Urban,297,142,6,1.53,Declining,86.4,Owing,1,0,Middle,Tetiarary,0,0,0,18,1
STU0983,30,Female,Imo,Rural,489,229,7,2.55,Improving,65.5,Paid,0,0,High,Primary,3,2,0,23,0
STU0984,25,Female,Lagos,Rural,451,243,7,3.29,Improving,79.3,Paid,1,0,High,No formal,2,1,0,21,0
STU0985,25,Male,Imo,Rural,807,262,6,3.42,Improving,79.9,Paid,0,0,High,No formal,1,3,1,14,0
STU0986,29,Male,Cross River,Urban,696,325,6,4.22,Stable,62.6,Paid,0,0,Middle,Secondary,4,1,0,21,0
STU0987,19,Female,Kano,Rural,896,215,8,2.5,Stable,100.0,Paid,0,1,High,No formal,4,0,0,23,0
STU0988,30,Male,Abuja,Rural,416,269,6,3.44,Stable,93.2,Paid,0,0,High,Tetiarary,0,0,0,24,0
STU0989,29,Male,Cross River,Urban,512,342,4,4.71,Declining,76.7,Paid,0,0,Middle,Tetiarary,0,3,0,22,0
STU0990,24,Male,Rivers,Urban,738,247,3,3.06,Stable,80.4,Partial,0,0,Low,No formal,4,0,0,14,1
STU0991,20,Male,Abuja,Urban,790,295,8,4.0,Declining,83.1,Owing,0,0,Middle,Secondary,0,3,1,13,0
STU0992,23,Female,Oyo,Urban,894,221,8,2.41,Stable,49.4,Partial,0,0,Middle,No formal,1,3,0,24,1
STU0993,24,Female,Imo,Urban,248,216,3,2.52,Improving,76.3,Paid,0,0,High,Primary,2,1,0,23,0
STU0994,25,Female,Lagos,Rural,424,368,8,4.97,Stable,69.8,Paid,0,0,High,Secondary,2,3,0,17,0
STU0995,20,Male,Lagos,Urban,158,353,6,5.0,Declining,65.0,Owing,1,0,High,Secondary,3,0,0,17,1
STU0996,21,Male,Rivers,Rural,820,343,7,4.73,Improving,75.8,Owing,0,0,Middle,Tetiarary,1,2,0,12,0
STU0997,16,Male,Kaduna,Rural,428,141,5,1.22,Stable,100.0,Paid,0,0,Middle,Secondary,0,2,0,18,0
STU0998,26,Male,Osun,Urban,277,266,6,3.39,Improving,89.6,Paid,0,1,Middle,Secondary,0,0,0,23,0
STU0999,27,Female,Osun,Urban,651,368,7,5.0,Stable,71.4,Partial,0,1,Low,Primary,3,2,0,15,0
STU1000,30,Female,Akwa Ibom,Urban,829,274,7,3.63,Stable,88.6,Partial,0,0,High,No formal,3,2,1,24,0
STU1001,22,Male,Abuja,Rural,524,165,8,1.63,Declining,100.0,Partial,0,0,Low,Tetiarary,0,3,0,22,1
STU1002,19,Female,Lagos,Rural,132,357,4,4.97,Declining,93.9,Partial,0,0,High,No formal,0,2,0,23,1
STU1003,26,Male,Edo,Urban,377,227,4,2.71,Stable,80.9,Partial,0,0,Middle,Tetiarary,1,2,0,14,0
STU1004,17,Female,Akwa Ibom,Rural,572,343,8,4.83,Declining,70.3,Owing,0,0,High,Primary,3,2,1,24,1
STU1005,20,Male,Edo,Urban,642,155,8,1.46,Stable,90.5,Paid,0,0,Low,Tetiarary,1,1,0,24,1
STU1006,27,Female,Enugu,Rural,163,290,3,3.81,Declining,85.9,Owing,0,0,High,Tetiarary,0,0,0,19,1
STU1007,18,Male,Imo,Urban,575,307,3,4.1,Stable,93.4,Paid,0,0,High,Primary,4,3,0,13,0
STU1008,21,Male,Abuja,Urban,574,327,5,4.45,Declining,89.5,Partial,0,0,High,Secondary,4,2,0,20,0
STU1009,23,Male,Kaduna,Urban,656,212,5,2.55,Declining,95.7,Partial,0,0,High,Tetiarary,0,0,1,24,1
STU1010,22,Male,Cross River,Urban,180,171,5,1.74,Declining,72.0,Partial,0,0,High,No formal,3,2,0,19,1
STU1011,18,Male,Kano,Urban,624,154,5,1.44,Improving,99.8,Partial,0,0,Middle,Tetiarary,4,1,0,19,1
STU1012,23,Male,Niger,Rural,215,368,7,5.0,Stable,83.0,Paid,0,0,High,No formal,3,1,0,24,0
STU1013,17,Male,Kwara,Urban,451,280,7,3.63,Declining,100.0,Paid,0,0,High,Primary,4,2,0,14,1
STU1014,25,Female,Abuja,Rural,590,144,3,1.37,Declining,69.7,Partial,1,0,Middle,Primary,3,2,0,24,1
STU1015,24,Male,Kaduna,Urban,171,342,4,5.0,Stable,100.0,Partial,1,0,High,Tetiarary,4,2,0,15,0
STU1016,19,Female,Cross River,Rural,464,213,8,2.57,Improving,83.0,Paid,0,0,Middle,Primary,3,1,1,13,1
STU1017,16,Male,Kogi,Rural,361,191,4,2.09,Stable,70.2,Owing,0,1,Low,No formal,1,1,0,13,1
STU1018,23,Female,Kwara,Rural,308,216,6,2.62,Stable,72.7,Paid,0,0,Middle,Secondary,3,0,1,15,0
STU1019,22,Female,Delta,Urban,237,308,7,4.12,Declining,75.2,Paid,0,0,Middle,Secondary,1,3,0,17,0
STU1020,26,Male,Osun,Urban,331,320,5,4.33,Declining,86.4,Paid,0,0,Middle,Secondary,1,3,0,16,0
STU1021,28,Female,Abuja,Rural,888,249,5,3.1,Improving,87.8,Partial,0,0,Low,Primary,0,1,0,12,0
STU1022,20,Male,Rivers,Urban,186,317,6,4.58,Declining,71.4,Paid,1,0,Middle,Tetiarary,1,3,0,24,0
STU1023,25,Female,Kogi,Urban,638,282,4,3.67,Improving,79.6,Partial,0,0,High,Tetiarary,2,2,0,21,0
STU1024,28,Male,Edo,Urban,338,245,5,3.03,Stable,100.0,Paid,0,0,Middle,Secondary,1,0,0,12,0
STU1025,20,Male,Cross River,Rural,719,266,4,3.79,Improving,100.0,Paid,1,0,Low,Primary,3,1,1,17,0
STU1026,22,Male,Abuja,Rural,33,146,8,1.3,Declining,86.5,Partial,0,0,Middle,Secondary,1,1,0,14,0
STU1027,20,Male,Cross River,Rural,718,179,6,1.88,Declining,80.6,Partial,0,0,Middle,Tetiarary,3,3,0,14,1
STU1028,23,Male,Kogi,Urban,97,295,4,3.9,Stable,81.8,Paid,0,0,Middle,Secondary,3,2,0,18,0
STU1029,26,Female,Anambra,Urban,845,299,8,3.97,Stable,89.2,Paid,0,0,Middle,No formal,2,0,0,24,0
STU1030,28,Male,Niger,Rural,872,238,4,3.0,Improving,64.7,Owing,1,0,High,Primary,1,3,0,24,1
STU1031,21,Male,Enugu,Urban,692,282,4,3.67,Stable,76.1,Paid,0,1,Low,Tetiarary,1,1,0,12,0
STU1032,28,Male,Kwara,Urban,334,367,5,4.95,Stable,55.0,Owing,0,0,High,Tetiarary,4,1,0,12,1
STU1033,20,Male,Akwa Ibom,Urban,727,224,3,2.66,Improving,86.0,Partial,0,0,High,No formal,4,3,0,24,1
STU1034,24,Male,Abuja,Urban,188,337,7,4.63,Declining,89.7,Paid,0,0,High,Secondary,0,2,0,21,0
STU1035,26,Female,Kogi,Urban,99,204,4,2.31,Stable,72.8,Partial,0,0,Low,No formal,3,0,0,14,1
STU1036,17,Male,Imo,Urban,789,271,4,3.78,Stable,100.0,Owing,1,0,Middle,Secondary,2,0,0,19,0
STU1037,16,Female,Kano,Urban,653,150,4,1.17,Improving,61.6,Paid,0,0,Low,Secondary,4,0,0,12,0
STU1038,23,Male,Kwara,Urban,753,247,3,2.86,Improving,58.0,Paid,0,0,Middle,Tetiarary,1,0,0,21,0
STU1039,27,Male,Edo,Rural,357,165,8,1.63,Stable,83.4,Paid,0,0,Low,No formal,0,2,0,24,1
STU1040,18,Female,Kwara,Urban,269,328,6,4.57,Stable,95.7,Owing,0,0,High,Tetiarary,2,1,1,15,0
STU1041,29,Male,Anambra,Urban,651,304,5,4.05,Stable,100.0,Partial,0,0,Low,Secondary,1,1,0,20,0
STU1042,26,Male,Oyo,Rural,660,290,3,3.91,Declining,73.1,Paid,0,0,Middle,Tetiarary,1,0,1,15,0
STU1043,27,Female,Benue,Rural,23,360,8,5.0,Stable,96.2,Paid,0,0,Middle,Secondary,3,0,0,21,0
STU1044,27,Male,Imo,Urban,747,224,4,2.66,Stable,79.4,Paid,0,0,High,No formal,3,0,0,19,1
STU1045,27,Male,Kano,Rural,650,358,8,4.99,Declining,77.4,Paid,0,1,High,Tetiarary,4,3,0,18,0
STU1046,22,Female,Delta,Urban,630,307,3,4.1,Stable,93.3,Paid,0,0,Middle,No formal,4,3,0,14,0
STU1047,25,Female,Kwara,Urban,503,344,3,4.75,Stable,89.8,Partial,0,0,Low,Secondary,1,1,0,18,0
STU1048,28,Male,Enugu,Urban,143,290,3,3.61,Stable,56.4,Paid,0,0,Low,Tetiarary,1,1,0,18,1
STU1049,26,Male,Kogi,Urban,641,262,6,3.62,Improving,100.0,Paid,1,0,High,No formal,4,0,0,21,0
STU1050,23,Male,Edo,Rural,720,283,7,3.69,Improving,100.0,Partial,0,0,High,Secondary,4,3,0,14,1
STU1051,30,Male,Osun,Urban,577,361,5,5.0,Stable,70.6,Paid,0,0,Middle,Tetiarary,1,2,0,13,0
STU1052,28,Female,Rivers,Urban,766,328,6,4.47,Declining,85.9,Paid,0,0,Low,Tetiarary,2,3,0,20,0
STU1053,28,Female,Akwa Ibom,Rural,814,207,6,2.37,Declining,87.4,Paid,0,0,High,Tetiarary,1,1,0,12,0
STU1054,21,Female,Imo,Urban,529,243,7,2.99,Stable,83.9,Paid,0,0,Middle,Secondary,2,3,0,18,0
STU1055,27,Male,Akwa Ibom,Rural,259,219,6,2.57,Stable,71.7,Owing,0,0,High,Tetiarary,2,1,0,15,0
STU1056,25,Male,Kwara,Rural,89,298,3,3.75,Stable,69.9,Partial,0,0,Middle,Tetiarary,1,0,0,13,1
STU1057,29,Female,Kogi,Urban,462,192,3,2.4,Stable,79.6,Paid,1,0,Middle,Tetiarary,0,2,0,13,0
STU1058,24,Male,Anambra,Rural,536,245,8,3.03,Improving,97.6,Paid,0,0,Middle,Tetiarary,4,0,0,19,0
STU1059,22,Female,Lagos,Urban,566,292,4,3.84,Stable,88.2,Paid,0,0,Low,No formal,3,0,0,18,0
STU1060,30,Female,Osun,Urban,680,183,6,1.95,Stable,74.4,Partial,0,0,High,Primary,1,2,0,23,0
STU1061,25,Female,Enugu,Urban,96,279,4,3.62,Improving,91.6,Partial,0,0,High,Tetiarary,2,2,0,18,0
STU1062,20,Male,Osun,Rural,604,229,5,2.65,Improving,37.3,Partial,0,0,Low,Tetiarary,1,2,1,16,1
STU1063,23,Male,Abuja,Rural,73,240,3,3.24,Stable,97.2,Paid,1,0,Low,Secondary,4,1,0,21,0
STU1064,30,Female,Delta,Urban,41,236,8,2.77,Stable,53.9,Paid,0,0,Low,Tetiarary,2,0,1,19,0
STU1065,17,Female,Kwara,Urban,769,359,5,5.0,Stable,74.6,Partial,0,0,High,Tetiarary,3,1,0,13,0
STU1066,22,Female,Oyo,Urban,768,148,8,1.44,Improving,63.2,Owing,1,0,Low,Tetiarary,3,2,0,13,0
STU1067,30,Male,Abuja,Rural,144,151,7,1.19,Improving,60.6,Owing,0,0,Middle,Tetiarary,3,1,0,16,0
STU1068,19,Female,Kogi,Rural,871,208,3,2.38,Stable,97.4,Paid,0,0,Middle,Tetiarary,0,2,0,12,0
STU1069,24,Female,Kaduna,Rural,897,321,5,4.35,Improving,73.0,Partial,0,0,Middle,Tetiarary,2,3,0,17,0
STU1070,27,Male,Kaduna,Rural,684,321,7,4.45,Stable,85.2,Partial,0,0,High,Tetiarary,2,2,1,15,0
STU1071,16,Male,Imo,Urban,570,167,5,1.97,Improving,79.3,Owing,1,0,High,No formal,0,0,0,17,0
STU1072,22,Female,Cross River,Urban,182,195,8,2.16,Declining,87.2,Paid,0,1,Low,Primary,2,0,0,18,0
STU1073,21,Male,Osun,Urban,813,238,7,2.9,Stable,81.2,Partial,0,0,High,Primary,0,0,0,24,1
STU1074,23,Male,Benue,Rural,817,336,7,4.41,Stable,60.8,Paid,0,0,Middle,No formal,1,1,0,14,1
STU1075,20,Female,Niger,Urban,875,365,3,5.0,Improving,94.9,Partial,0,0,High,Primary,4,0,0,22,0
STU1076,30,Male,Enugu,Urban,622,249,4,3.1,Improving,72.6,Paid,0,0,Middle,Tetiarary,3,2,0,24,0
STU1077,16,Female,Anambra,Rural,141,365,8,4.91,Improving,56.7,Partial,0,0,Low,Tetiarary,0,3,0,19,0
STU1078,16,Male,Kogi,Rural,194,216,8,2.52,Declining,73.6,Owing,0,1,Middle,Secondary,0,0,0,18,0
STU1079,24,Male,Kogi,Urban,644,242,7,2.97,Declining,100.0,Paid,0,0,Low,Tetiarary,0,1,0,24,0
STU1080,30,Female,Cross River,Rural,346,245,7,3.03,Improving,92.8,Partial,0,0,Low,Secondary,1,3,0,12,0
STU1081,25,Female,Akwa Ibom,Rural,563,248,3,3.08,Stable,74.8,Paid,0,0,High,Primary,0,0,0,17,1
STU1082,21,Male,Kwara,Urban,9,251,4,3.13,Stable,74.8,Paid,0,0,High,Tetiarary,4,0,0,18,0
STU1083,25,Female,Delta,Urban,261,197,8,2.49,Improving,75.2,Paid,1,0,Middle,Secondary,4,3,0,22,1
STU1084,20,Male,Edo,Urban,816,217,6,2.64,Declining,100.0,Paid,0,0,High,Tetiarary,3,0,1,15,0
STU1085,30,Male,Akwa Ibom,Urban,666,214,6,2.49,Improving,85.7,Owing,0,0,Middle,Secondary,1,1,0,13,0
STU1086,16,Male,Edo,Rural,810,181,4,1.91,Stable,86.5,Paid,0,0,Middle,Secondary,4,2,0,21,0
STU1087,21,Male,Edo,Urban,247,305,5,4.07,Stable,95.5,Partial,0,0,Middle,Tetiarary,2,2,0,20,1
STU1088,21,Female,Rivers,Urban,791,207,3,2.37,Stable,83.6,Owing,0,0,High,Primary,2,3,0,18,1
STU1089,18,Female,Kaduna,Urban,724,320,4,4.33,Declining,76.1,Owing,0,0,Low,Tetiarary,2,2,0,12,1
STU1090,28,Female,Lagos,Urban,419,172,6,1.76,Declining,77.1,Partial,0,0,Middle,No formal,0,0,0,19,1
STU1091,23,Female,Niger,Urban,631,210,7,2.42,Declining,78.9,Paid,0,0,Middle,Secondary,0,0,0,14,0
STU1092,29,Male,Lagos,Rural,711,195,6,2.26,Stable,79.4,Owing,0,0,Middle,Tetiarary,2,1,1,15,1
STU1093,30,Female,Anambra,Urban,347,244,7,3.01,Improving,90.9,Paid,0,0,High,Tetiarary,3,2,0,23,0
STU1094,16,Female,Anambra,Rural,686,339,3,4.66,Declining,80.8,Owing,0,0,Middle,Primary,3,3,0,16,0
STU1095,16,Female,Imo,Rural,383,240,7,2.94,Declining,91.0,Partial,0,0,Low,Primary,0,0,0,12,0
STU1096,21,Female,Lagos,Urban,598,190,4,2.07,Stable,78.8,Partial,0,0,Middle,Tetiarary,2,3,0,17,0
STU1097,25,Female,Osun,Rural,670,213,7,2.47,Declining,81.2,Paid,0,0,Low,No formal,3,0,0,21,1
STU1098,28,Male,Osun,Rural,657,310,5,3.96,Improving,50.0,Partial,0,0,High,Secondary,0,0,0,17,0
STU1099,16,Female,Imo,Urban,830,260,4,3.29,Stable,93.7,Owing,0,0,Middle,Tetiarary,2,1,0,13,0
STU1100,21,Female,Kogi,Urban,150,282,3,3.77,Improving,85.2,Owing,0,0,High,Secondary,1,2,1,22,0
STU1101,16,Female,Edo,Rural,327,305,4,4.07,Stable,95.0,Paid,0,0,Middle,Primary,2,1,0,21,0
STU1102,29,Male,Delta,Rural,126,282,5,3.57,Declining,36.6,Owing,0,0,High,Secondary,2,2,1,17,0
STU1103,28,Male,Niger,Urban,256,144,3,1.27,Stable,100.0,Paid,0,0,High,Tetiarary,4,3,0,19,0
STU1104,21,Female,Edo,Urban,859,360,6,5.0,Declining,77.9,Partial,0,0,High,Tetiarary,4,2,1,17,0
STU1105,18,Male,Niger,Urban,315,222,5,2.73,Stable,96.6,Partial,0,0,High,Tetiarary,1,3,1,15,0
STU1106,29,Female,Anambra,Urban,605,321,3,4.25,Stable,64.4,Paid,0,0,Middle,Secondary,1,0,1,15,0
STU1107,29,Male,Kaduna,Urban,479,190,7,2.07,Declining,89.2,Paid,0,0,High,Primary,2,3,0,20,0
STU1108,30,Male,Benue,Urban,574,149,4,1.16,Improving,64.2,Partial,0,0,High,Secondary,3,3,0,17,1
STU1109,23,Male,Enugu,Urban,496,279,3,3.92,Declining,70.6,Paid,1,0,High,Secondary,1,0,0,19,0
STU1110,28,Male,Plateau,Urban,579,143,4,1.25,Improving,100.0,Paid,0,0,Middle,Secondary,2,3,0,19,0
STU1111,30,Male,Kogi,Urban,351,234,7,2.93,Stable,77.1,Partial,0,0,High,Secondary,0,3,1,18,0
STU1112,21,Male,Osun,Urban,824,285,3,3.72,Stable,83.3,Owing,0,0,Middle,Tetiarary,4,0,0,14,0
STU1113,28,Male,Plateau,Urban,491,219,6,2.57,Declining,93.1,Partial,0,0,Middle,Tetiarary,3,0,0,21,0
STU1114,26,Male,Enugu,Urban,477,175,5,1.81,Stable,87.4,Paid,0,0,Middle,Primary,2,0,0,12,0
STU1115,28,Male,Imo,Rural,386,164,3,1.62,Stable,82.3,Paid,0,0,High,Tetiarary,0,2,0,16,0
STU1116,16,Male,Osun,Rural,284,354,7,4.92,Declining,85.5,Partial,0,0,Low,Tetiarary,4,0,0,24,1
STU1117,30,Female,Edo,Urban,76,343,3,4.73,Stable,100.0,Partial,0,0,Middle,No formal,0,0,0,21,1
STU1118,20,Female,Ogun,Urban,525,237,4,2.89,Declining,79.1,Partial,0,0,Middle,No formal,2,3,0,21,0
STU1119,23,Male,Benue,Urban,370,303,8,4.13,Stable,83.0,Owing,0,0,Middle,Tetiarary,1,1,1,13,0
STU1120,18,Male,Kano,Urban,98,240,3,3.04,Improving,95.8,Paid,0,0,High,Secondary,4,1,1,23,0
STU1121,27,Female,Anambra,Urban,377,334,6,4.57,Stable,96.6,Paid,0,0,High,Primary,0,2,0,21,0
STU1122,21,Male,Kano,Urban,343,148,3,1.34,Improving,97.8,Owing,0,0,Middle,No formal,1,2,0,24,1
STU1123,20,Female,Abuja,Rural,441,200,5,2.54,Improving,89.6,Partial,1,1,Middle,Primary,3,1,0,13,0
STU1124,21,Female,Osun,Urban,340,192,3,1.9,Stable,62.9,Partial,0,0,Middle,Tetiarary,2,1,0,18,1
STU1125,25,Male,Niger,Urban,668,285,8,3.72,Improving,100.0,Owing,0,1,Middle,Tetiarary,2,0,0,22,0
STU1126,16,Male,Plateau,Rural,496,310,4,3.96,Stable,62.8,Owing,0,0,Middle,Secondary,4,3,0,24,1
STU1127,22,Male,Kano,Rural,872,302,3,4.32,Stable,84.5,Partial,1,0,Low,Tetiarary,0,0,0,14,1
STU1128,24,Male,Lagos,Urban,44,202,6,2.08,Stable,68.7,Paid,0,0,Middle,Tetiarary,3,2,0,24,0
STU1129,17,Male,Plateau,Urban,363,260,7,3.59,Stable,79.0,Owing,1,0,Middle,Tetiarary,4,1,0,19,0
STU1130,25,Male,Niger,Urban,578,365,3,5.0,Declining,84.9,Partial,1,0,High,Secondary,4,2,1,20,0
STU1131,30,Female,Abuja,Urban,258,244,3,3.01,Improving,84.8,Paid,0,0,Middle,Secondary,0,0,0,24,0
STU1132,20,Male,Akwa Ibom,Urban,585,345,5,4.77,Stable,86.3,Partial,0,0,Middle,Primary,3,2,0,19,0
STU1133,25,Male,Lagos,Urban,402,143,6,1.35,Stable,100.0,Paid,0,0,Low,Secondary,0,2,1,17,0
STU1134,19,Female,Delta,Urban,761,232,8,2.8,Stable,86.8,Owing,0,0,High,No formal,2,3,0,16,0
STU1135,21,Male,Kano,Rural,881,308,7,4.12,Stable,76.3,Partial,0,0,Middle,Primary,1,2,0,14,0
STU1136,21,Male,Abuja,Rural,174,312,4,4.29,Declining,94.5,Owing,0,0,Low,No formal,2,0,1,14,1
STU1137,26,Male,Rivers,Urban,694,317,3,4.28,Declining,97.8,Owing,0,0,Middle,Secondary,2,3,0,18,1
STU1138,17,Female,Edo,Urban,705,346,8,4.88,Declining,61.6,Owing,1,0,High,Tetiarary,4,2,0,24,0
STU1139,17,Female,Lagos,Urban,515,167,7,1.67,Improving,89.0,Partial,0,0,High,Secondary,2,0,0,16,0
STU1140,19,Male,Delta,Urban,264,309,4,4.14,Stable,90.5,Owing,0,0,High,Tetiarary,3,1,0,23,0
STU1141,16,Male,Anambra,Urban,588,219,8,2.57,Declining,75.5,Paid,0,0,Low,Tetiarary,2,3,0,17,1
STU1142,24,Male,Enugu,Rural,463,215,6,2.5,Stable,100.0,Paid,0,0,High,Secondary,3,2,0,17,0
STU1143,29,Male,Niger,Rural,533,255,6,3.2,Declining,77.7,Owing,0,0,High,Primary,0,2,0,20,0
STU1144,29,Male,Akwa Ibom,Rural,886,208,7,2.38,Stable,81.9,Partial,0,1,Middle,Tetiarary,4,3,0,12,1
STU1145,28,Female,Edo,Rural,345,237,4,2.89,Declining,77.4,Paid,0,0,High,No formal,3,0,0,19,0
STU1146,22,Female,Anambra,Rural,61,140,6,1.2,Declining,80.2,Paid,0,0,Middle,Tetiarary,2,2,0,21,0
STU1147,27,Male,Rivers,Rural,222,306,7,3.89,Stable,63.6,Paid,0,0,Low,Tetiarary,4,0,0,24,0
STU1148,22,Male,Kano,Rural,623,235,6,2.95,Improving,58.4,Partial,1,1,High,Secondary,4,3,0,24,1
STU1149,30,Female,Plateau,Urban,820,357,6,4.97,Stable,100.0,Partial,0,0,Middle,Primary,3,2,0,16,0
STU1150,18,Male,Enugu,Urban,689,156,8,1.58,Declining,67.3,Paid,1,0,Low,Secondary,3,1,0,24,0
STU1151,30,Male,Lagos,Urban,735,251,8,2.93,Declining,65.1,Owing,0,0,Middle,Tetiarary,1,1,0,17,1
STU1152,26,Male,Akwa Ibom,Rural,468,230,6,2.87,Improving,47.7,Paid,1,0,High,Tetiarary,1,1,0,17,0
STU1153,30,Male,Benue,Urban,251,227,5,2.81,Stable,70.4,Partial,0,1,Low,Tetiarary,4,3,1,12,0
STU1154,27,Male,Kano,Urban,734,302,8,3.82,Declining,60.2,Partial,0,0,Low,Secondary,1,2,0,14,0
STU1155,18,Female,Ogun,Urban,377,313,4,4.21,Stable,100.0,Partial,0,0,Middle,Secondary,2,3,0,23,1
STU1156,16,Female,Cross River,Rural,421,309,7,4.44,Declining,95.1,Paid,1,0,High,No formal,0,2,0,17,1
STU1157,18,Male,Akwa Ibom,Urban,35,306,7,3.89,Declining,69.7,Paid,0,1,High,Tetiarary,4,1,0,22,0
STU1158,18,Male,Osun,Rural,372,229,4,2.75,Declining,100.0,Owing,0,0,Middle,Secondary,0,1,0,22,0
STU1159,19,Female,Kaduna,Rural,563,188,4,2.03,Improving,94.7,Paid,0,0,Middle,Secondary,1,0,0,20,0
STU1160,19,Male,Kaduna,Rural,650,329,4,4.59,Improving,75.1,Owing,0,0,Middle,Tetiarary,3,3,1,17,1
STU1161,18,Female,Osun,Urban,112,177,4,1.64,Improving,42.5,Partial,0,0,Low,Secondary,4,3,0,23,1
STU1162,25,Male,Plateau,Urban,588,290,3,4.11,Declining,100.0,Paid,1,0,High,Secondary,1,0,0,24,0
STU1163,27,Male,Kwara,Urban,843,289,7,3.59,Stable,59.2,Partial,0,0,Low,Primary,2,1,0,17,0
STU1164,23,Male,Kwara,Urban,422,271,3,3.28,Improving,55.3,Paid,0,0,Middle,Secondary,4,1,0,12,0
STU1165,23,Female,Anambra,Urban,624,316,6,4.56,Stable,95.3,Partial,1,0,Middle,Tetiarary,4,3,0,20,0
STU1166,28,Male,Edo,Rural,825,198,6,2.21,Stable,100.0,Owing,0,0,Low,Secondary,3,2,0,15,1
STU1167,28,Male,Delta,Urban,402,340,7,4.68,Declining,100.0,Paid,0,0,Middle,Secondary,4,1,0,13,0
STU1168,16,Male,Abuja,Rural,276,207,6,2.67,Declining,88.5,Partial,1,0,Middle,No formal,3,0,0,12,1
STU1169,22,Female,Osun,Rural,687,338,4,4.94,Stable,88.9,Paid,1,1,High,Secondary,1,0,0,14,0
STU1170,26,Female,Edo,Urban,120,354,3,4.92,Improving,92.8,Partial,0,1,Low,Secondary,2,0,0,14,0
STU1171,17,Female,Oyo,Rural,845,269,4,3.74,Declining,91.4,Paid,1,0,Middle,No formal,2,3,0,16,0
STU1172,16,Female,Oyo,Rural,590,188,6,2.03,Improving,84.2,Partial,0,0,Middle,Tetiarary,4,3,0,12,0
STU1173,18,Male,Niger,Urban,260,355,8,4.94,Stable,81.6,Owing,0,0,High,Secondary,4,3,0,18,1
STU1174,19,Male,Akwa Ibom,Urban,85,265,3,3.67,Improving,79.1,Paid,1,0,Low,Tetiarary,1,3,0,24,1
STU1175,28,Male,Akwa Ibom,Urban,784,362,4,4.86,Improving,68.7,Partial,0,0,High,No formal,3,0,0,12,0
STU1176,21,Male,Oyo,Urban,132,298,7,4.05,Improving,75.8,Partial,0,0,High,Tetiarary,2,0,1,15,0
STU1177,25,Female,Benue,Rural,842,250,4,2.91,Stable,54.6,Partial,0,0,High,Secondary,3,3,0,17,0
STU1178,29,Female,Ogun,Urban,239,307,8,4.1,Stable,78.5,Partial,0,0,Low,Secondary,1,3,0,12,0
STU1179,20,Male,Kano,Rural,557,187,6,2.12,Improving,65.2,Partial,1,1,Middle,Tetiarary,2,0,0,18,0
STU1180,30,Female,Cross River,Urban,185,190,3,1.97,Stable,63.4,Paid,0,0,Low,Primary,2,3,1,21,1
STU1181,30,Female,Akwa Ibom,Urban,161,182,7,1.93,Declining,82.7,Owing,0,0,Middle,Secondary,0,3,0,18,1
STU1182,29,Male,Osun,Urban,458,237,3,2.89,Improving,100.0,Owing,0,0,High,Secondary,1,3,0,14,1
STU1183,19,Male,Kwara,Urban,575,322,7,4.47,Improving,93.8,Paid,0,0,Low,Secondary,1,3,1,15,0
STU1184,23,Male,Osun,Urban,861,355,3,4.74,Stable,56.4,Paid,0,0,Middle,Secondary,0,1,0,17,0
STU1185,26,Male,Akwa Ibom,Urban,765,316,6,4.06,Declining,65.2,Partial,0,0,Low,No formal,3,3,0,22,1
STU1186,27,Female,Niger,Rural,708,263,7,3.34,Stable,94.1,Owing,0,1,High,Tetiarary,0,0,0,18,0
STU1187,29,Male,Abuja,Rural,28,357,5,4.77,Declining,65.3,Owing,0,0,Low,Tetiarary,1,0,0,24,1
STU1188,19,Male,Kaduna,Urban,477,219,3,2.57,Stable,76.6,Owing,0,0,Low,Tetiarary,3,0,0,15,1
STU1189,28,Female,Plateau,Urban,404,324,3,4.8,Stable,88.3,Paid,1,0,Middle,No formal,2,0,1,21,0
STU1190,25,Male,Imo,Urban,596,250,4,2.91,Improving,65.5,Owing,0,0,High,Secondary,0,3,0,22,0
STU1191,27,Male,Plateau,Urban,138,344,7,4.75,Stable,81.6,Owing,0,0,Low,Tetiarary,3,1,0,20,0
STU1192,28,Female,Cross River,Rural,425,282,8,3.47,Improving,60.0,Paid,0,0,Low,Primary,3,2,0,20,0
STU1193,17,Male,Benue,Rural,217,166,5,1.65,Stable,71.0,Paid,0,0,Low,Tetiarary,3,2,0,20,1
STU1194,30,Male,Abuja,Rural,486,335,6,4.59,Improving,84.8,Partial,0,0,High,No formal,0,2,0,23,0
STU1195,18,Female,Akwa Ibom,Urban,352,347,4,4.6,Stable,56.1,Partial,0,0,Middle,Secondary,2,2,0,21,0
STU1196,21,Male,Rivers,Rural,170,331,5,4.82,Declining,86.6,Paid,1,0,High,Tetiarary,3,0,0,17,0
STU1197,23,Female,Delta,Urban,352,361,7,5.0,Declining,79.7,Paid,0,1,High,Tetiarary,0,3,0,13,0
STU1198,23,Male,Cross River,Rural,853,297,5,3.93,Improving,88.3,Paid,0,1,Low,Tetiarary,1,3,0,13,0
STU1199,30,Male,Cross River,Urban,402,303,3,4.33,Stable,83.4,Paid,1,0,Middle,Tetiarary,0,2,0,22,1
STU1200,26,Male,Cross River,Urban,587,334,3,4.57,Stable,100.0,Paid,0,0,Low,Tetiarary,0,2,0,15,1
STU1201,30,Male,Edo,Urban,730,353,4,4.9,Improving,81.9,Partial,0,0,Middle,Secondary,0,1,0,20,0
STU1202,24,Female,Niger,Urban,439,252,7,3.25,Stable,73.6,Paid,0,0,Middle,Tetiarary,3,1,1,14,0
STU1203,22,Female,Anambra,Rural,581,225,7,2.68,Stable,81.8,Owing,0,0,Middle,Tetiarary,0,1,0,17,0
STU1204,28,Female,Plateau,Rural,225,253,5,3.17,Stable,88.1,Owing,0,0,Low,Tetiarary,1,0,0,13,0
STU1205,17,Female,Lagos,Urban,312,263,4,3.64,Declining,80.7,Owing,1,0,Low,Secondary,3,3,0,12,0
STU1206,23,Male,Kogi,Rural,802,188,7,2.03,Improving,80.6,Partial,0,1,High,Tetiarary,1,0,0,23,0
STU1207,22,Female,Plateau,Urban,701,215,8,2.3,Improving,69.5,Paid,0,0,High,Secondary,4,0,0,16,0
STU1208,23,Female,Delta,Urban,723,194,8,2.14,Stable,70.1,Paid,0,0,Low,No formal,0,3,0,19,1
STU1209,27,Female,Oyo,Rural,470,352,3,4.99,Declining,59.0,Paid,1,0,Low,Primary,3,1,0,21,1
STU1210,18,Female,Edo,Rural,103,195,5,2.26,Declining,100.0,Owing,0,0,High,Primary,3,3,1,21,1
STU1211,22,Female,Ogun,Urban,246,335,6,4.39,Improving,61.3,Paid,0,0,High,Secondary,0,2,0,13,0
STU1212,25,Male,Edo,Urban,162,234,3,2.63,Stable,69.6,Partial,0,0,High,Tetiarary,2,1,0,21,1
STU1213,28,Female,Benue,Urban,614,183,4,1.75,Stable,69.2,Partial,0,1,Middle,Tetiarary,2,3,0,20,0
STU1214,24,Male,Ogun,Rural,558,298,7,3.95,Stable,93.4,Owing,0,0,Middle,Primary,1,0,0,23,1
STU1215,18,Male,Enugu,Rural,655,325,3,4.42,Stable,75.6,Partial,0,0,Low,Tetiarary,0,3,0,19,0
STU1216,29,Female,Niger,Urban,799,226,6,3.0,Declining,98.7,Partial,1,0,Middle,Secondary,0,1,0,14,0
STU1217,25,Male,Cross River,Rural,231,320,6,4.13,Improving,69.9,Partial,0,0,Low,Secondary,4,2,0,12,0
STU1218,21,Male,Oyo,Urban,427,223,8,2.64,Stable,84.2,Partial,0,0,Low,Secondary,2,0,0,15,1
STU1219,17,Male,Cross River,Urban,76,346,4,4.58,Declining,67.5,Paid,0,0,Low,Tetiarary,2,2,0,19,0
STU1220,17,Female,Lagos,Rural,247,290,3,3.81,Declining,100.0,Owing,0,0,High,Secondary,0,2,0,14,0
STU1221,20,Male,Oyo,Urban,534,295,5,3.7,Stable,62.2,Partial,0,0,Middle,No formal,1,0,0,21,1
STU1222,20,Female,Oyo,Urban,593,155,3,1.76,Stable,84.6,Paid,1,0,Middle,Secondary,0,3,0,23,0
STU1223,28,Male,Kaduna,Rural,49,304,8,4.05,Stable,89.5,Owing,0,1,High,Tetiarary,1,3,0,13,0
STU1224,22,Male,Edo,Urban,476,288,6,3.77,Stable,86.2,Partial,0,0,High,Tetiarary,2,2,0,18,0
STU1225,27,Male,Akwa Ibom,Urban,375,346,4,4.88,Declining,77.2,Owing,0,0,Middle,Primary,4,3,1,15,0
STU1226,17,Female,Enugu,Rural,859,284,4,4.0,Declining,78.1,Owing,1,0,High,Primary,3,1,0,17,1
STU1227,26,Male,Abuja,Rural,656,176,5,1.93,Declining,80.7,Owing,0,0,Middle,Tetiarary,2,2,1,16,1
STU1228,29,Female,Ogun,Rural,693,216,4,2.62,Stable,77.8,Paid,0,0,Low,Tetiarary,1,2,1,13,0
STU1229,28,Female,Imo,Urban,738,286,8,3.74,Declining,94.5,Paid,0,0,High,Secondary,0,2,0,21,0
STU1230,22,Female,Niger,Urban,96,297,8,3.93,Improving,100.0,Owing,0,0,Low,Tetiarary,2,1,0,13,0
STU1231,20,Female,Benue,Rural,26,184,8,1.97,Improving,71.6,Owing,0,1,Middle,Tetiarary,4,2,0,20,0
STU1232,29,Male,Abuja,Urban,176,285,4,3.62,Stable,59.5,Partial,0,0,Middle,Primary,1,3,1,22,0
STU1233,21,Male,Anambra,Urban,608,345,4,5.0,Stable,78.7,Paid,1,0,Middle,Secondary,0,3,0,21,0
STU1234,23,Female,Kogi,Urban,196,201,8,2.26,Declining,100.0,Paid,0,0,Middle,No formal,3,3,0,13,0
STU1235,25,Female,Niger,Urban,81,303,4,3.83,Stable,67.9,Owing,0,0,Low,Tetiarary,1,3,0,19,1
STU1236,28,Female,Cross River,Urban,285,239,4,3.22,Stable,100.0,Paid,1,0,Middle,Secondary,0,2,0,19,0
STU1237,29,Female,Edo,Rural,368,351,6,4.87,Stable,100.0,Paid,0,0,High,Primary,3,1,0,12,0
STU1238,27,Female,Imo,Rural,183,191,3,2.39,Declining,71.7,Partial,1,0,Middle,Tetiarary,0,0,0,12,0
STU1239,19,Male,Oyo,Urban,242,158,7,1.51,Stable,88.5,Paid,0,0,Middle,Tetiarary,3,3,0,24,0
STU1240,28,Female,Osun,Rural,139,248,4,3.08,Improving,100.0,Owing,0,0,Middle,Primary,3,0,0,15,0
STU1241,22,Female,Kogi,Rural,881,183,7,1.95,Declining,74.3,Paid,0,1,High,No formal,3,0,0,13,0
STU1242,21,Female,Rivers,Rural,284,146,7,1.7,Stable,76.9,Paid,1,0,High,Secondary,0,2,1,23,0
STU1243,25,Male,Niger,Urban,23,311,6,4.57,Improving,71.3,Partial,1,0,High,Tetiarary,3,3,1,12,0
STU1244,17,Female,Edo,Urban,599,256,4,3.02,Stable,64.8,Partial,0,0,Low,Tetiarary,1,3,0,20,0
STU1245,30,Female,Plateau,Urban,744,207,8,2.37,Improving,70.3,Paid,0,0,Low,Secondary,4,3,0,24,0
STU1246,23,Male,Delta,Urban,375,173,7,1.57,Declining,61.6,Partial,0,0,Low,Secondary,4,0,0,14,1
STU1247,25,Female,Kano,Urban,781,333,4,4.66,Stable,80.5,Paid,0,0,Low,Tetiarary,3,3,1,12,0
STU1248,24,Male,Delta,Urban,116,208,5,2.18,Declining,68.5,Owing,0,0,Middle,Secondary,4,3,0,13,0
STU1249,20,Female,Akwa Ibom,Urban,767,194,8,2.14,Stable,83.5,Paid,0,0,High,Tetiarary,4,1,0,19,0
STU1250,25,Male,Rivers,Urban,680,149,5,1.16,Declining,56.7,Owing,0,0,Middle,Secondary,3,2,0,16,1
STU1251,19,Male,Kogi,Urban,874,363,5,5.0,Improving,85.0,Partial,0,1,High,Tetiarary,3,3,1,22,0
STU1252,21,Male,Rivers,Urban,684,181,7,1.91,Improving,92.5,Paid,0,0,Low,Primary,1,3,0,18,0
STU1253,23,Female,Delta,Rural,225,180,5,1.7,Improving,50.1,Paid,0,0,High,Secondary,2,2,0,17,0
STU1254,26,Male,Lagos,Urban,308,344,6,4.75,Stable,85.6,Partial,0,0,Low,Primary,0,2,0,24,0
STU1255,30,Female,Lagos,Rural,707,336,6,4.61,Improving,98.4,Paid,0,0,High,Tetiarary,3,0,0,12,1
STU1256,18,Female,Niger,Rural,329,261,7,3.1,Stable,61.9,Paid,0,0,Low,Secondary,3,0,0,17,0
STU1257,25,Female,Kogi,Rural,441,277,4,3.88,Stable,100.0,Paid,1,0,High,Secondary,4,0,0,22,1
STU1258,26,Male,Kano,Rural,442,149,3,1.36,Stable,86.3,Partial,0,0,Low,Tetiarary,1,2,0,18,0
STU1259,26,Female,Imo,Rural,174,241,4,3.06,Stable,69.4,Partial,1,0,Middle,Tetiarary,4,1,0,15,1
STU1260,16,Female,Kwara,Urban,379,358,4,5.0,Improving,79.2,Paid,0,1,Middle,Tetiarary,3,3,1,19,0
STU1261,19,Male,Akwa Ibom,Rural,561,327,4,4.45,Declining,88.4,Partial,0,0,Middle,Primary,3,2,0,19,1
STU1262,30,Male,Osun,Rural,385,267,4,3.41,Stable,81.1,Partial,0,1,High,Tetiarary,4,1,0,18,1
STU1263,19,Male,Imo,Rural,18,318,8,4.3,Declining,88.1,Paid,0,0,High,Secondary,3,2,0,22,0
STU1264,16,Female,Imo,Urban,747,288,3,3.57,Stable,66.2,Owing,0,1,Middle,No formal,2,1,0,13,0
STU1265,24,Male,Akwa Ibom,Urban,673,275,8,3.55,Declining,82.5,Partial,0,0,High,Secondary,0,2,0,17,0
STU1266,18,Male,Lagos,Rural,504,332,5,4.64,Stable,58.8,Owing,1,0,Low,Secondary,0,2,0,17,1
STU1267,20,Female,Plateau,Rural,650,231,4,2.78,Declining,78.3,Paid,0,0,Middle,Primary,0,1,0,23,0
STU1268,21,Female,Anambra,Rural,395,252,6,2.95,Improving,66.4,Owing,0,0,Middle,Secondary,2,1,0,23,0
STU1269,23,Female,Kano,Urban,553,217,7,2.34,Declining,69.0,Partial,0,0,High,Tetiarary,3,1,0,18,0
STU1270,21,Female,Akwa Ibom,Urban,569,224,7,2.96,Declining,98.5,Partial,1,0,Middle,Secondary,4,1,0,17,0
STU1271,18,Male,Delta,Urban,534,169,8,1.7,Improving,96.4,Partial,0,0,High,Secondary,1,1,0,13,1
STU1272,21,Female,Edo,Urban,496,352,8,4.89,Stable,89.1,Paid,0,0,Low,Secondary,3,1,0,19,1
STU1273,16,Male,Plateau,Urban,554,188,6,1.83,Declining,63.6,Owing,0,0,Middle,Tetiarary,2,1,0,15,0
STU1274,19,Female,Oyo,Urban,703,148,4,1.44,Stable,75.3,Partial,0,0,Middle,No formal,2,1,1,20,0
STU1275,21,Female,Ogun,Urban,389,284,3,3.7,Improving,98.2,Paid,0,0,Middle,Secondary,0,2,0,19,0
STU1276,22,Male,Niger,Urban,200,208,5,2.48,Stable,82.1,Paid,0,0,Middle,Secondary,3,1,1,14,0
STU1277,26,Female,Kaduna,Urban,759,197,7,2.19,Improving,100.0,Paid,0,0,Low,Tetiarary,0,1,0,14,0
STU1278,28,Male,Edo,Rural,304,324,5,4.4,Declining,85.9,Partial,0,0,High,No formal,1,2,0,19,0
STU1279,26,Male,Kaduna,Rural,819,201,3,2.26,Improving,82.9,Partial,0,0,Low,Secondary,0,2,0,13,0
STU1280,25,Female,Edo,Rural,551,362,8,5.0,Improving,75.4,Partial,0,0,High,Secondary,1,0,0,20,0
STU1281,18,Female,Ogun,Urban,731,191,7,2.39,Stable,82.0,Paid,1,0,Low,Tetiarary,2,0,0,15,0
STU1282,24,Female,Cross River,Rural,735,328,5,4.47,Stable,77.7,Partial,0,0,Low,Primary,0,1,0,17,1
STU1283,27,Male,Delta,Urban,832,179,8,1.88,Declining,90.6,Partial,0,0,Middle,Tetiarary,0,1,0,14,0
STU1284,27,Female,Kwara,Rural,606,305,3,4.07,Improving,94.4,Paid,0,0,Middle,Primary,4,0,0,14,0
STU1285,22,Male,Ogun,Rural,312,310,5,3.96,Improving,68.2,Paid,0,0,Middle,Tetiarary,2,0,0,14,1
STU1286,29,Male,Delta,Urban,256,202,4,2.08,Stable,60.0,Paid,0,0,Middle,Secondary,4,3,0,22,0
STU1287,16,Male,Oyo,Rural,12,286,8,3.54,Declining,52.5,Owing,0,0,Middle,Tetiarary,1,3,0,24,0
STU1288,17,Male,Kaduna,Urban,772,367,3,5.0,Stable,87.6,Partial,0,0,High,Secondary,1,1,0,21,0
STU1289,16,Female,Lagos,Urban,879,189,5,1.95,Stable,63.4,Owing,0,0,Middle,Secondary,2,3,1,23,0
STU1290,26,Male,Rivers,Rural,212,300,4,3.78,Stable,47.7,Paid,0,0,Middle,Primary,1,0,0,23,0
STU1291,24,Male,Rivers,Urban,135,280,4,3.63,Stable,85.8,Owing,0,0,High,Tetiarary,2,1,0,13,0
STU1292,24,Male,Edo,Urban,740,217,3,2.54,Stable,100.0,Partial,0,1,High,Tetiarary,1,2,0,19,0
STU1293,22,Female,Oyo,Rural,713,236,6,3.17,Stable,79.9,Partial,1,0,Middle,Secondary,3,2,0,20,1
STU1294,25,Female,Rivers,Urban,658,329,7,4.59,Declining,92.6,Paid,0,0,High,Tetiarary,0,0,1,19,0
STU1295,18,Male,Enugu,Rural,768,360,3,5.0,Declining,81.2,Partial,0,0,High,Primary,3,3,0,21,1
STU1296,28,Female,Kano,Rural,612,182,4,1.93,Declining,78.5,Owing,0,0,Middle,Tetiarary,2,2,0,14,0
STU1297,30,Male,Anambra,Urban,30,316,4,4.26,Stable,93.8,Paid,0,0,Low,Secondary,2,3,0,18,0
STU1298,20,Female,Cross River,Urban,627,175,3,1.81,Stable,75.6,Paid,0,0,High,Secondary,3,2,0,22,0
STU1299,30,Male,Akwa Ibom,Urban,458,261,6,3.3,Improving,84.0,Partial,0,0,Low,Secondary,0,3,0,21,1
STU1300,19,Male,Akwa Ibom,Urban,639,247,7,3.16,Declining,84.8,Owing,0,0,Low,Tetiarary,0,2,1,13,1
STU1301,22,Female,Kwara,Urban,190,149,5,1.16,Stable,70.0,Partial,0,0,Middle,Tetiarary,4,2,0,15,0
STU1302,29,Female,Lagos,Urban,488,234,3,3.13,Declining,94.9,Paid,1,0,High,Secondary,1,1,0,23,0
STU1303,24,Male,Kwara,Urban,684,145,7,1.39,Improving,77.4,Paid,0,0,High,Secondary,4,1,1,24,0
STU1304,27,Female,Benue,Urban,55,196,7,1.97,Declining,68.7,Paid,0,0,Middle,No formal,0,0,0,24,0
STU1305,17,Female,Ogun,Rural,895,268,8,3.43,Stable,88.0,Owing,0,0,High,Secondary,3,2,0,17,0
STU1306,28,Female,Kano,Rural,9,210,4,2.22,Stable,66.5,Partial,0,0,Low,Secondary,1,3,0,22,0
STU1307,23,Male,Anambra,Rural,593,325,5,4.52,Stable,80.4,Partial,0,0,Low,Secondary,3,2,1,16,1
STU1308,30,Male,Kano,Urban,164,358,3,4.99,Declining,79.9,Paid,0,0,Middle,Secondary,4,3,0,24,0
STU1309,24,Female,Cross River,Urban,212,160,4,1.85,Declining,96.3,Owing,1,0,High,Tetiarary,2,3,0,20,1
STU1310,25,Male,Ogun,Rural,261,231,8,2.78,Declining,87.1,Partial,0,0,Middle,Tetiarary,3,2,0,21,1
STU1311,29,Male,Imo,Urban,209,266,8,3.39,Improving,79.6,Owing,0,0,Low,Primary,4,3,0,15,1
STU1312,25,Male,Cross River,Urban,771,219,4,2.67,Declining,92.3,Partial,0,0,Low,Tetiarary,4,0,1,16,0
STU1313,24,Female,Kano,Rural,15,195,6,2.16,Stable,100.0,Owing,0,0,Low,No formal,4,1,0,15,1
STU1314,29,Male,Ogun,Urban,12,354,7,4.92,Stable,88.4,Owing,0,0,Middle,Tetiarary,2,3,0,24,0
STU1315,25,Female,Enugu,Urban,413,255,3,3.5,Improving,80.2,Paid,1,0,Low,Primary,2,2,0,19,0
STU1316,29,Male,Osun,Rural,36,287,3,3.56,Improving,60.3,Owing,0,0,High,Tetiarary,2,1,0,24,0
STU1317,22,Male,Imo,Rural,544,369,3,4.98,Improving,64.0,Paid,0,0,Middle,Secondary,1,0,0,19,0
STU1318,30,Male,Niger,Urban,722,321,4,4.35,Declining,75.4,Partial,0,0,High,Secondary,2,3,0,14,0
STU1319,24,Male,Edo,Urban,391,164,6,1.62,Improving,70.9,Owing,0,0,Low,Tetiarary,2,3,0,12,0
STU1320,24,Female,Akwa Ibom,Urban,232,295,5,3.9,Improving,77.2,Paid,0,0,Low,No formal,2,1,0,17,0
STU1321,29,Female,Ogun,Rural,644,144,8,1.27,Stable,80.8,Partial,0,0,Middle,Primary,3,3,0,13,1
STU1322,18,Male,Imo,Urban,771,259,4,3.57,Stable,87.9,Partial,1,0,High,Tetiarary,2,2,0,13,0
STU1323,19,Male,Enugu,Urban,479,160,5,1.55,Improving,78.9,Partial,0,0,Middle,Tetiarary,1,1,0,14,0
STU1324,17,Female,Imo,Rural,728,157,8,1.5,Improving,87.3,Owing,0,0,High,Secondary,4,1,0,19,1
STU1325,25,Female,Oyo,Urban,755,314,8,4.23,Improving,81.0,Partial,0,0,High,Secondary,3,3,0,14,1
STU1326,18,Female,Enugu,Rural,211,337,6,4.43,Stable,50.4,Owing,0,1,Low,Secondary,0,0,0,18,1
STU1327,26,Female,Kaduna,Rural,322,196,7,2.37,Improving,65.9,Paid,1,1,Low,Tetiarary,2,0,1,21,0
STU1328,26,Male,Benue,Urban,799,232,3,2.8,Stable,77.8,Paid,0,0,High,Secondary,4,0,0,21,0
STU1329,20,Female,Edo,Rural,761,158,5,1.31,Improving,61.9,Paid,0,0,Middle,Tetiarary,4,0,0,20,1
STU1330,20,Male,Kwara,Urban,561,267,4,3.51,Improving,89.0,Partial,0,0,Middle,Secondary,3,1,1,24,0
STU1331,21,Male,Kwara,Rural,621,236,5,2.87,Stable,100.0,Paid,0,0,Middle,No formal,0,1,0,19,0
STU1332,28,Female,Niger,Rural,352,332,7,4.54,Improving,98.3,Partial,0,1,Middle,Primary,1,3,0,12,0
STU1333,22,Female,Oyo,Urban,797,270,3,3.46,Improving,76.8,Paid,0,0,High,Secondary,4,0,0,18,0
STU1334,22,Female,Edo,Rural,238,309,5,4.14,Stable,100.0,Partial,0,1,Low,Tetiarary,4,0,0,18,1
STU1335,16,Male,Enugu,Rural,705,160,7,1.55,Stable,82.2,Paid,0,0,Middle,Primary,4,3,0,19,0
STU1336,29,Male,Delta,Urban,48,366,4,5.0,Declining,74.9,Partial,0,0,Middle,Tetiarary,4,3,1,21,0
STU1337,17,Male,Oyo,Urban,741,179,6,1.88,Improving,70.8,Partial,0,0,High,Secondary,3,3,0,16,0
STU1338,27,Female,Edo,Urban,146,206,8,2.65,Declining,75.5,Owing,1,0,Middle,Secondary,0,2,0,21,0
STU1339,24,Male,Akwa Ibom,Urban,652,292,4,3.94,Declining,74.2,Partial,0,0,High,No formal,4,3,1,20,0
STU1340,25,Female,Kogi,Rural,180,266,3,3.39,Declining,82.6,Partial,0,0,High,Tetiarary,1,3,0,20,0
STU1341,17,Male,Kwara,Rural,658,369,8,5.0,Stable,82.4,Owing,0,0,Middle,Tetiarary,1,2,0,19,0
STU1342,21,Female,Abuja,Urban,453,194,4,2.14,Declining,80.0,Partial,0,0,Low,Primary,2,0,0,17,0
STU1343,26,Female,Imo,Urban,596,351,4,4.97,Improving,86.6,Paid,0,0,Middle,Tetiarary,4,1,1,17,0
STU1344,26,Male,Kwara,Urban,86,319,4,4.61,Improving,97.9,Owing,1,0,High,Secondary,4,0,0,12,0
STU1345,16,Male,Osun,Urban,139,311,4,4.17,Improving,94.2,Partial,0,0,High,Tetiarary,4,1,0,24,0
STU1346,18,Female,Akwa Ibom,Urban,723,248,8,2.98,Declining,57.7,Paid,0,0,High,Tetiarary,4,1,1,17,0
STU1347,17,Male,Kogi,Urban,860,237,3,2.69,Stable,41.7,Partial,0,0,Middle,Tetiarary,4,3,0,15,0
STU1348,18,Female,Enugu,Urban,181,352,7,4.89,Declining,94.0,Owing,0,0,Middle,Tetiarary,1,3,0,15,0
STU1349,20,Female,Oyo,Rural,387,323,5,4.18,Stable,59.5,Owing,0,0,Low,Tetiarary,0,2,0,13,1
STU1350,26,Male,Edo,Rural,247,322,6,4.37,Declining,76.6,Owing,0,0,Low,Tetiarary,0,0,0,24,1
STU1351,25,Female,Osun,Rural,571,251,5,2.93,Declining,62.4,Paid,0,0,Low,Primary,2,0,0,22,1
STU1352,21,Male,Ogun,Urban,145,354,5,4.72,Declining,53.0,Paid,0,0,Low,Secondary,1,1,0,15,0
STU1353,24,Female,Abuja,Rural,461,337,6,4.63,Stable,88.1,Paid,0,0,Middle,Tetiarary,4,3,0,16,0
STU1354,27,Male,Abuja,Rural,444,254,8,3.48,Declining,91.4,Paid,1,0,Middle,Tetiarary,0,3,0,24,0
STU1355,26,Female,Kwara,Rural,60,256,3,3.22,Declining,71.4,Owing,0,0,Middle,Secondary,3,0,0,23,0
STU1356,30,Male,Lagos,Urban,531,344,6,4.65,Stable,41.1,Paid,0,1,Middle,No formal,3,2,1,16,0
STU1357,30,Male,Kogi,Urban,701,226,3,2.7,Stable,71.8,Partial,0,0,Middle,Tetiarary,3,3,0,16,0
STU1358,25,Male,Edo,Urban,830,340,8,4.68,Declining,85.9,Partial,0,0,Middle,Tetiarary,4,2,0,15,0
STU1359,27,Female,Kaduna,Urban,423,220,5,2.49,Stable,57.8,Partial,0,0,Middle,Secondary,4,0,1,12,0
STU1360,27,Female,Kaduna,Rural,92,205,3,2.33,Declining,82.8,Paid,0,1,High,Primary,2,0,0,21,1
STU1361,28,Female,Edo,Rural,613,158,8,1.61,Improving,79.8,Paid,0,0,Low,No formal,2,2,1,19,0
STU1362,19,Male,Enugu,Urban,660,350,8,4.85,Stable,88.7,Paid,0,0,High,Primary,2,3,0,14,0
STU1363,22,Female,Akwa Ibom,Urban,12,274,7,3.53,Improving,81.8,Paid,0,0,Middle,Tetiarary,3,0,0,13,0
STU1364,21,Female,Lagos,Rural,481,257,6,3.33,Stable,65.4,Owing,1,0,Middle,Tetiarary,4,1,0,20,0
STU1365,17,Male,Lagos,Urban,219,330,7,4.5,Stable,97.9,Owing,0,0,Low,No formal,3,0,0,18,1
STU1366,25,Male,Osun,Rural,689,181,5,1.91,Declining,77.6,Partial,0,0,Low,Secondary,2,3,0,20,1
STU1367,26,Male,Enugu,Rural,739,181,6,1.91,Improving,79.6,Owing,0,0,Middle,Tetiarary,4,1,0,24,1
STU1368,26,Male,Enugu,Urban,556,198,5,2.01,Declining,66.0,Paid,0,0,High,Secondary,1,0,0,13,0
STU1369,26,Male,Rivers,Rural,501,159,7,1.53,Declining,73.4,Partial,0,0,Middle,Secondary,0,3,0,20,1
STU1370,30,Female,Kwara,Urban,698,212,8,2.25,Stable,66.7,Paid,0,0,Middle,Tetiarary,0,3,0,21,0
STU1371,30,Male,Akwa Ibom,Rural,507,156,5,1.48,Improving,77.4,Partial,0,0,Middle,Tetiarary,2,0,0,20,0
STU1372,23,Female,Imo,Rural,786,166,6,1.75,Improving,100.0,Partial,0,0,Middle,Secondary,3,3,1,22,0
STU1373,22,Female,Kano,Rural,703,314,6,4.03,Stable,59.4,Paid,0,1,High,Tetiarary,1,2,0,20,0
STU1374,30,Female,Kano,Urban,249,141,5,1.02,Improving,55.8,Paid,0,1,High,Secondary,4,1,0,21,0
STU1375,30,Female,Anambra,Urban,482,202,6,2.28,Stable,100.0,Paid,0,0,Middle,Primary,3,2,0,24,0
STU1376,22,Male,Lagos,Urban,313,201,8,2.36,Declining,76.9,Partial,0,1,Low,Primary,2,0,1,21,0
STU1377,29,Female,Akwa Ibom,Urban,235,239,8,2.72,Improving,70.0,Paid,0,0,Low,Secondary,3,2,0,15,0
STU1378,30,Male,Plateau,Rural,387,158,6,1.51,Stable,95.6,Partial,0,0,High,No formal,2,0,0,21,1
STU1379,23,Female,Niger,Urban,159,156,5,1.78,Declining,70.9,Partial,1,0,Low,Secondary,0,0,0,14,1
STU1380,27,Female,Cross River,Rural,179,208,7,2.38,Declining,100.0,Partial,0,0,High,Tetiarary,0,3,0,17,0
STU1381,27,Female,Benue,Urban,852,306,6,4.19,Declining,90.2,Partial,0,0,Middle,Tetiarary,3,3,1,14,0
STU1382,28,Female,Ogun,Urban,119,349,6,4.83,Declining,72.7,Paid,0,0,High,No formal,1,0,0,22,0
STU1383,29,Male,Niger,Rural,394,256,6,3.22,Stable,100.0,Partial,0,0,Middle,Secondary,4,1,0,20,0
STU1384,26,Male,Imo,Urban,315,338,6,5.0,Declining,70.9,Owing,1,0,Middle,Secondary,2,1,1,14,0
STU1385,16,Female,Ogun,Rural,304,220,5,2.59,Declining,91.1,Partial,0,0,Middle,Secondary,4,1,0,13,0
STU1386,30,Male,Cross River,Urban,22,178,7,2.16,Stable,84.5,Partial,1,0,High,Secondary,0,2,0,19,0
STU1387,28,Female,Lagos,Rural,788,175,7,1.81,Stable,99.5,Partial,0,1,High,Tetiarary,1,0,0,17,0
STU1388,16,Male,Niger,Urban,16,307,3,4.1,Stable,100.0,Paid,0,0,High,No formal,1,3,0,19,0
STU1389,23,Female,Edo,Rural,408,312,6,4.19,Stable,80.5,Partial,0,0,High,Secondary,4,2,0,24,1
STU1390,19,Male,Edo,Urban,817,271,6,3.58,Improving,68.7,Owing,1,0,Middle,Primary,0,2,0,18,1
STU1391,20,Male,Kano,Urban,708,369,3,5.0,Stable,86.9,Paid,0,0,High,Primary,4,3,0,14,1
STU1392,23,Female,Abuja,Rural,236,292,7,3.64,Stable,69.8,Owing,0,0,High,Tetiarary,3,0,0,19,1
STU1393,20,Male,Enugu,Rural,609,336,4,4.71,Stable,100.0,Paid,0,0,Middle,Secondary,1,2,1,21,0
STU1394,25,Male,Benue,Urban,734,297,8,4.03,Improving,82.0,Partial,0,0,Middle,Secondary,1,0,1,12,0
STU1395,19,Male,Kano,Urban,282,343,4,4.73,Declining,74.5,Owing,0,0,Middle,Tetiarary,3,0,0,12,0
STU1396,27,Male,Lagos,Urban,357,335,7,4.99,Improving,82.8,Owing,1,1,Middle,No formal,0,0,1,24,0
STU1397,21,Male,Benue,Urban,307,355,6,5.0,Improving,59.8,Owing,1,1,High,Primary,1,3,0,24,0
STU1398,28,Male,Ogun,Rural,545,168,4,1.49,Stable,65.4,Owing,0,0,Middle,Tetiarary,2,0,0,21,0
STU1399,30,Female,Oyo,Urban,474,340,5,4.68,Stable,98.0,Paid,0,0,Low,Tetiarary,2,2,0,24,1
STU1400,27,Male,Akwa Ibom,Urban,817,335,5,4.69,Improving,70.1,Partial,0,0,Middle,Secondary,0,3,1,19,0
STU1401,20,Female,Plateau,Rural,81,190,3,1.87,Stable,64.3,Paid,0,1,Low,Secondary,3,3,0,24,0
STU1402,29,Male,Akwa Ibom,Urban,525,291,7,3.83,Declining,88.0,Paid,0,1,Middle,Tetiarary,4,2,0,20,0
STU1403,22,Male,Plateau,Rural,28,153,7,1.43,Stable,97.8,Paid,0,0,High,Secondary,0,3,0,21,1
STU1404,29,Male,Niger,Rural,19,208,4,2.48,Stable,90.8,Partial,0,0,Middle,Primary,4,2,1,17,1
STU1405,25,Female,Niger,Urban,680,285,6,3.72,Improving,94.9,Partial,0,0,High,Secondary,0,1,0,16,0
STU1406,22,Male,Niger,Rural,529,309,7,3.94,Stable,68.6,Owing,0,0,Low,Secondary,2,2,0,13,1
STU1407,28,Female,Kaduna,Urban,351,196,4,2.07,Declining,58.7,Partial,0,0,High,No formal,3,3,1,22,0
STU1408,19,Male,Cross River,Urban,176,350,4,4.85,Stable,100.0,Paid,0,0,Middle,Secondary,2,2,0,20,0
STU1409,27,Male,Anambra,Urban,873,151,8,1.39,Declining,75.2,Partial,0,1,Low,Tetiarary,3,1,0,17,1
STU1410,28,Female,Ogun,Urban,331,349,8,4.83,Stable,76.2,Paid,0,1,Middle,Secondary,4,0,0,19,0
STU1411,20,Male,Edo,Urban,716,156,7,1.48,Declining,99.9,Partial,0,0,High,No formal,0,0,0,20,1
STU1412,28,Male,Imo,Urban,489,169,4,1.7,Declining,88.3,Owing,0,1,Low,Secondary,1,0,0,20,1
STU1413,18,Female,Osun,Rural,493,227,3,2.71,Declining,86.8,Partial,0,0,Middle,Tetiarary,1,3,0,19,0
STU1414,30,Female,Enugu,Rural,466,342,3,4.71,Declining,100.0,Owing,0,0,High,No formal,3,1,0,23,1
STU1415,19,Female,Niger,Rural,382,238,8,2.9,Stable,70.3,Partial,0,1,Low,No formal,3,2,0,21,0
STU1416,30,Female,Kaduna,Urban,592,162,7,1.68,Declining,93.9,Partial,0,0,Middle,Secondary,2,2,1,19,0
STU1417,29,Female,Enugu,Urban,168,348,6,4.82,Stable,80.9,Partial,0,0,Middle,Primary,1,2,0,14,1
STU1418,19,Female,Cross River,Urban,376,268,3,3.43,Declining,84.0,Paid,0,0,Middle,Tetiarary,2,2,0,24,0
STU1419,18,Male,Anambra,Urban,577,218,3,2.56,Improving,100.0,Paid,0,0,Middle,Secondary,4,3,0,14,0
STU1420,28,Female,Kwara,Urban,428,171,8,1.84,Stable,87.6,Paid,0,0,Low,Secondary,1,3,1,13,1
STU1421,25,Female,Rivers,Rural,761,148,8,1.44,Declining,88.1,Paid,0,0,High,Tetiarary,4,1,1,12,1
STU1422,20,Male,Imo,Urban,481,154,7,1.44,Improving,96.1,Paid,0,0,Low,Secondary,0,2,0,15,0
STU1423,20,Male,Enugu,Urban,386,295,8,4.2,Stable,74.5,Owing,1,0,Middle,Primary,2,0,0,13,0
STU1424,26,Male,Kaduna,Urban,159,291,5,3.63,Declining,67.4,Partial,0,0,Middle,Primary,3,3,0,13,0
STU1425,22,Female,Anambra,Urban,261,327,4,4.25,Stable,64.3,Partial,0,0,Middle,Tetiarary,1,1,0,24,0
STU1426,19,Male,Kano,Urban,760,302,3,3.82,Stable,50.5,Paid,0,0,Middle,No formal,2,1,0,22,0
STU1427,28,Female,Anambra,Urban,678,353,5,4.9,Stable,100.0,Paid,0,0,High,Secondary,3,3,0,22,0
STU1428,19,Male,Plateau,Rural,72,166,6,1.45,Stable,63.5,Paid,0,0,High,Primary,0,0,0,16,1
STU1429,24,Female,Lagos,Urban,348,350,5,4.85,Improving,76.7,Partial,0,0,High,Primary,1,0,0,15,0
STU1430,21,Male,Ogun,Rural,281,248,7,3.38,Improving,75.8,Partial,1,1,Middle,Tetiarary,4,2,0,12,0
STU1431,30,Female,Akwa Ibom,Urban,677,215,6,2.5,Improving,84.6,Partial,0,0,High,Tetiarary,0,3,0,20,1
STU1432,19,Female,Plateau,Urban,395,287,6,3.86,Stable,92.2,Partial,0,0,High,Tetiarary,3,0,1,15,0
STU1433,17,Female,Kaduna,Rural,453,204,8,2.31,Improving,92.9,Partial,0,1,Middle,Tetiarary,1,3,0,16,0
STU1434,21,Female,Plateau,Urban,263,352,5,4.89,Declining,71.3,Paid,0,0,Middle,Tetiarary,1,1,0,18,0
STU1435,17,Female,Kano,Urban,311,316,7,4.26,Stable,77.5,Partial,0,0,Low,No formal,0,1,0,13,0
STU1436,20,Male,Osun,Rural,851,248,3,3.08,Declining,84.2,Partial,0,0,Middle,Primary,1,1,0,19,0
STU1437,21,Male,Niger,Urban,99,268,8,3.53,Improving,76.3,Partial,0,0,High,Secondary,3,3,1,22,0
STU1438,19,Female,Rivers,Urban,468,149,5,1.36,Stable,100.0,Paid,0,0,Middle,Secondary,0,2,0,13,0
STU1439,29,Male,Rivers,Rural,250,186,3,2.0,Stable,87.4,Paid,0,1,High,Secondary,4,2,0,22,0
STU1440,28,Male,Kano,Rural,737,262,5,3.72,Declining,91.0,Paid,1,1,Low,Primary,0,0,1,21,0
STU1441,18,Female,Oyo,Urban,639,198,8,2.21,Declining,89.9,Owing,0,1,Low,Primary,0,3,0,16,1
STU1442,22,Male,Benue,Urban,191,235,3,2.85,Declining,97.6,Partial,0,0,Middle,Secondary,4,2,0,24,0
STU1443,17,Male,Anambra,Rural,778,329,8,4.49,Improving,82.7,Owing,0,0,High,Tetiarary,3,3,0,23,0
STU1444,28,Female,Abuja,Urban,789,242,5,2.77,Declining,60.5,Partial,0,0,Middle,Secondary,2,2,0,13,0
STU1445,26,Male,Edo,Urban,377,263,6,3.34,Stable,86.0,Paid,0,0,High,No formal,2,1,0,13,0
STU1446,29,Male,Imo,Urban,576,225,4,2.68,Declining,70.2,Partial,0,0,Low,Tetiarary,4,1,0,15,0
STU1447,21,Male,Akwa Ibom,Rural,410,285,6,3.72,Stable,72.1,Paid,0,1,Middle,Secondary,3,0,0,15,0
STU1448,28,Female,Kaduna,Urban,412,251,8,3.13,Stable,88.8,Owing,0,0,Middle,Primary,1,1,0,24,0
STU1449,19,Female,Oyo,Rural,129,313,8,4.21,Improving,98.6,Owing,0,0,High,Secondary,4,2,0,19,1
STU1450,21,Female,Kaduna,Urban,341,299,8,3.97,Stable,80.3,Partial,0,0,Low,Tetiarary,2,0,0,24,0
STU1451,19,Male,Enugu,Urban,345,166,3,1.75,Stable,84.6,Partial,0,0,Low,Tetiarary,3,0,1,17,1
STU1452,19,Female,Lagos,Rural,567,359,7,5.0,Improving,100.0,Partial,0,1,Low,Secondary,0,1,1,21,0
STU1453,30,Female,Benue,Rural,182,157,8,1.5,Improving,83.6,Owing,0,0,High,Secondary,3,3,0,19,1
STU1454,19,Female,Ogun,Urban,655,306,6,4.09,Declining,100.0,Paid,0,1,Low,Secondary,3,1,0,24,0
STU1455,24,Female,Kwara,Urban,843,316,4,4.26,Stable,88.5,Partial,0,0,Low,Primary,2,1,0,18,1
STU1456,22,Male,Lagos,Rural,174,360,8,4.83,Declining,53.6,Partial,0,0,Middle,Tetiarary,2,0,0,24,1
STU1457,18,Male,Plateau,Rural,43,221,8,2.61,Declining,91.3,Owing,0,0,Middle,Tetiarary,1,1,0,21,1
STU1458,18,Male,Lagos,Urban,73,311,8,4.47,Declining,85.7,Owing,1,0,High,No formal,1,2,0,15,0
STU1459,21,Male,Kano,Urban,240,211,3,2.73,Declining,99.3,Owing,1,0,High,Tetiarary,4,0,0,13,0
STU1460,21,Female,Plateau,Rural,564,193,8,2.52,Declining,90.1,Partial,1,0,Middle,Secondary,0,1,1,20,1
STU1461,19,Female,Delta,Rural,385,362,6,5.0,Stable,77.9,Paid,0,0,High,Tetiarary,1,3,1,13,0
STU1462,30,Female,Osun,Rural,61,301,5,3.8,Improving,61.6,Partial,0,1,High,Tetiarary,2,2,0,12,0
STU1463,30,Male,Anambra,Urban,281,210,7,2.52,Stable,76.9,Partial,0,0,Middle,Primary,3,3,1,19,1
STU1464,24,Male,Rivers,Urban,854,303,8,3.83,Stable,67.2,Partial,0,1,High,Tetiarary,4,2,0,21,0
STU1465,19,Male,Niger,Rural,103,285,3,3.72,Improving,71.3,Paid,0,1,High,Secondary,1,3,0,20,0
STU1466,24,Male,Niger,Urban,531,177,6,1.84,Stable,88.8,Partial,0,0,Middle,Primary,3,1,0,12,1
STU1467,19,Male,Enugu,Urban,329,326,8,4.53,Stable,100.0,Paid,0,0,High,Tetiarary,3,2,1,18,0
STU1468,17,Female,Lagos,Urban,465,276,3,3.57,Declining,85.9,Owing,0,0,Middle,Secondary,1,0,0,13,0
STU1469,17,Male,Akwa Ibom,Urban,183,340,5,4.48,Stable,62.1,Paid,0,0,Low,No formal,0,0,0,17,0
STU1470,20,Female,Enugu,Urban,848,339,4,4.76,Stable,86.7,Partial,0,1,High,Tetiarary,0,3,1,24,0
STU1471,19,Male,Osun,Rural,578,318,8,4.4,Stable,97.9,Paid,0,1,High,Tetiarary,4,3,1,22,0
STU1472,22,Female,Benue,Rural,123,174,6,2.09,Stable,70.9,Paid,1,0,High,Primary,0,3,0,16,0
STU1473,29,Male,Cross River,Urban,473,221,3,2.61,Declining,78.0,Owing,0,0,Low,Secondary,4,2,0,12,0
STU1474,26,Male,Delta,Urban,553,272,3,3.6,Improving,80.2,Paid,0,0,High,Secondary,2,0,1,13,0
STU1475,20,Female,Kaduna,Urban,650,281,8,3.45,Stable,68.2,Paid,0,0,Low,Primary,1,1,0,13,0
STU1476,21,Female,Osun,Rural,459,359,3,5.0,Stable,89.7,Paid,0,0,Middle,Tetiarary,3,2,0,21,0
STU1477,25,Male,Cross River,Urban,30,297,4,3.93,Stable,78.2,Partial,0,0,Middle,No formal,4,3,0,21,1
STU1478,19,Male,Anambra,Rural,494,143,3,1.55,Stable,86.3,Partial,1,0,Low,Primary,0,0,0,17,0
STU1479,28,Male,Edo,Urban,12,306,7,3.89,Stable,66.7,Paid,0,0,Middle,Primary,4,3,0,22,0
STU1480,27,Female,Kwara,Urban,520,351,7,4.97,Improving,73.4,Partial,0,0,Middle,Secondary,4,1,1,23,0
STU1481,17,Female,Kwara,Rural,537,331,3,4.52,Stable,90.8,Paid,0,1,High,Tetiarary,0,1,0,12,0
STU1482,28,Male,Oyo,Urban,153,292,8,3.84,Declining,74.4,Owing,0,0,High,Secondary,0,0,0,22,1
STU1483,25,Male,Oyo,Urban,492,295,7,4.0,Stable,100.0,Owing,0,0,High,Secondary,1,2,1,24,1
STU1484,24,Female,Osun,Urban,29,343,6,5.0,Improving,74.0,Owing,1,0,Middle,Tetiarary,3,1,0,15,0
STU1485,25,Male,Enugu,Urban,659,333,7,4.56,Stable,83.4,Owing,0,0,High,No formal,1,1,0,23,1
STU1486,30,Female,Kaduna,Urban,761,345,3,4.77,Improving,94.0,Paid,0,0,High,Secondary,1,1,0,21,0
STU1487,22,Male,Cross River,Urban,559,289,8,3.69,Declining,58.7,Paid,0,1,Middle,No formal,0,1,1,22,0
STU1488,19,Female,Delta,Rural,429,298,5,4.05,Stable,53.6,Partial,1,0,High,No formal,0,3,0,16,1
STU1489,18,Male,Ogun,Rural,297,162,8,1.68,Declining,57.1,Paid,1,1,Middle,Secondary,3,3,0,13,1
STU1490,25,Male,Delta,Rural,189,187,8,2.02,Stable,98.9,Paid,0,0,Middle,Primary,4,2,0,13,0
STU1491,29,Male,Edo,Urban,558,287,8,3.76,Declining,71.7,Paid,0,0,Middle,Secondary,1,0,0,18,0
STU1492,30,Female,Rivers,Rural,435,264,6,3.36,Stable,100.0,Partial,0,0,High,Tetiarary,3,0,0,18,0
STU1493,18,Female,Abuja,Urban,608,305,4,4.07,Improving,71.5,Partial,0,0,High,Primary,1,0,0,17,0
STU1494,24,Female,Ogun,Urban,321,194,3,2.24,Improving,82.8,Paid,0,0,Middle,Tetiarary,4,1,1,12,0
STU1495,20,Female,Ogun,Urban,402,207,4,2.37,Stable,100.0,Paid,0,0,Middle,Tetiarary,1,3,0,23,0
STU1496,28,Male,Kogi,Rural,328,346,5,4.88,Stable,100.0,Partial,0,0,High,Secondary,2,3,1,24,0
STU1497,30,Male,Kwara,Urban,569,227,4,2.71,Stable,100.0,Paid,0,0,High,Secondary,3,2,0,23,0
STU1498,18,Female,Rivers,Rural,600,356,3,4.96,Declining,98.1,Owing,0,0,Low,Secondary,0,0,0,14,0
STU1499,30,Male,Imo,Urban,550,140,3,1.3,Improving,95.4,Paid,0,0,Low,Primary,1,3,1,20,0
STU1500,20,Male,Edo,Urban,80,274,5,3.53,Stable,88.9,Partial,0,0,High,Tetiarary,3,2,0,21,0
STU1501,17,Male,Kogi,Urban,869,324,3,4.4,Declining,91.7,Paid,0,0,Middle,Secondary,3,0,0,12,0
STU1502,26,Male,Anambra,Rural,713,234,5,3.13,Stable,71.7,Paid,1,0,Low,Tetiarary,1,1,0,13,0
STU1503,19,Male,Enugu,Urban,490,279,5,3.52,Declining,67.7,Partial,0,0,Middle,Tetiarary,0,3,1,19,1
STU1504,25,Female,Rivers,Rural,802,245,3,3.03,Stable,79.9,Partial,0,0,High,No formal,0,3,0,18,0
STU1505,17,Female,Kaduna,Rural,92,272,7,3.5,Stable,77.4,Owing,0,1,High,Primary,1,0,0,20,0
STU1506,17,Female,Osun,Rural,751,247,5,3.46,Improving,73.2,Partial,1,0,Middle,Primary,3,1,1,21,0
STU1507,27,Female,Ogun,Urban,236,317,3,4.28,Declining,90.4,Paid,0,0,Middle,Tetiarary,0,1,0,23,0
STU1508,23,Female,Oyo,Rural,11,181,7,2.21,Declining,94.3,Paid,1,1,Middle,Tetiarary,1,3,0,23,0
STU1509,16,Male,Delta,Rural,808,241,5,3.26,Declining,81.3,Paid,1,0,Low,Secondary,1,0,0,15,0
STU1510,29,Male,Kano,Urban,554,263,7,3.34,Stable,100.0,Paid,0,0,Middle,Primary,1,2,0,15,1
STU1511,22,Female,Imo,Rural,56,279,6,3.42,Declining,62.9,Partial,0,0,Low,Primary,3,3,0,18,1
STU1512,20,Male,Plateau,Urban,659,242,8,2.97,Stable,77.1,Owing,0,0,Middle,Tetiarary,0,1,0,12,0
STU1513,30,Male,Niger,Urban,400,285,6,3.52,Stable,69.2,Partial,0,0,Middle,Tetiarary,3,2,0,21,0
STU1514,26,Male,Cross River,Urban,225,333,7,4.46,Declining,52.0,Partial,0,0,High,Primary,2,0,1,23,0
STU1515,23,Male,Enugu,Urban,432,213,5,2.47,Improving,78.8,Partial,0,1,Middle,No formal,0,1,0,20,0
STU1516,16,Male,Kano,Urban,756,346,3,4.88,Improving,78.2,Owing,0,0,Middle,Secondary,3,2,1,13,1
STU1517,26,Male,Akwa Ibom,Urban,147,361,4,5.0,Stable,100.0,Paid,1,0,Low,No formal,0,3,0,12,0
STU1518,22,Male,Oyo,Rural,865,247,3,3.06,Declining,89.5,Partial,0,0,Middle,Tetiarary,2,1,0,18,0
STU1519,20,Female,Ogun,Rural,367,261,4,3.1,Stable,64.6,Owing,0,0,Middle,Secondary,4,0,0,17,1
STU1520,19,Female,Lagos,Rural,386,156,4,1.48,Stable,100.0,Paid,0,0,Low,Tetiarary,1,1,0,23,1
STU1521,22,Female,Cross River,Urban,565,335,5,4.59,Declining,98.3,Paid,0,0,Low,Secondary,3,3,0,14,0
STU1522,25,Male,Kano,Rural,281,210,7,2.42,Stable,88.7,Owing,0,1,Middle,Secondary,2,0,0,12,1
STU1523,30,Male,Kogi,Urban,275,201,3,2.26,Improving,76.6,Partial,0,0,High,Primary,2,3,0,23,1
STU1524,17,Female,Niger,Rural,18,180,7,1.7,Stable,65.6,Paid,0,0,Middle,Tetiarary,0,2,0,16,0
STU1525,27,Male,Kwara,Urban,302,362,6,5.0,Declining,74.4,Partial,0,0,Middle,Tetiarary,0,1,0,21,0
STU1526,30,Female,Anambra,Urban,468,258,5,3.25,Improving,96.3,Paid,0,0,High,Secondary,1,3,0,15,0
STU1527,16,Female,Anambra,Rural,531,301,5,4.1,Stable,100.0,Partial,0,0,High,Secondary,0,2,1,16,0
STU1528,16,Female,Plateau,Urban,238,337,6,4.73,Improving,100.0,Paid,0,0,Middle,No formal,3,0,1,12,0
STU1529,26,Female,Benue,Urban,579,369,3,5.0,Stable,72.7,Paid,0,0,High,No formal,3,0,1,12,0
STU1530,27,Male,Niger,Rural,712,184,8,1.77,Stable,63.2,Partial,0,0,Middle,Tetiarary,3,2,0,16,0
STU1531,16,Male,Lagos,Urban,31,197,6,2.49,Stable,82.1,Partial,1,0,High,Secondary,4,2,0,17,0
STU1532,30,Female,Edo,Urban,475,318,3,4.2,Stable,53.5,Owing,0,0,Middle,Secondary,3,0,1,16,0
STU1533,27,Male,Osun,Urban,97,265,4,3.47,Declining,84.8,Paid,0,0,High,Tetiarary,0,3,1,13,0
STU1534,20,Male,Kaduna,Urban,621,301,5,4.0,Declining,77.8,Owing,0,0,High,Secondary,0,2,0,20,0
STU1535,25,Male,Enugu,Urban,313,183,3,1.95,Declining,73.0,Paid,0,0,Middle,Secondary,3,3,0,16,0
STU1536,22,Male,Rivers,Rural,56,154,7,1.54,Stable,56.1,Paid,1,0,High,Primary,2,0,0,22,0
STU1537,17,Male,Anambra,Urban,323,217,7,2.64,Improving,87.7,Owing,0,0,Middle,Tetiarary,2,3,1,22,0
STU1538,25,Male,Kogi,Rural,185,209,5,2.7,Stable,72.0,Partial,1,1,Low,Secondary,2,3,0,16,0
STU1539,23,Female,Kano,Urban,573,317,6,4.08,Declining,62.5,Paid,0,0,Middle,No formal,1,2,0,21,1
STU1540,19,Female,Rivers,Urban,124,240,8,2.74,Stable,36.9,Paid,0,0,High,Tetiarary,4,3,0,20,0
STU1541,27,Female,Ogun,Rural,824,299,6,3.97,Declining,79.6,Partial,0,0,Middle,Secondary,3,3,0,14,1
STU1542,18,Female,Abuja,Rural,879,334,3,4.57,Improving,100.0,Partial,0,0,Middle,Tetiarary,1,3,0,16,1
STU1543,25,Male,Benue,Rural,47,142,6,1.23,Stable,100.0,Owing,0,0,Middle,Tetiarary,2,0,0,24,1
STU1544,26,Male,Edo,Rural,651,353,5,4.9,Stable,73.1,Partial,0,0,Low,Tetiarary,3,0,0,23,1
STU1545,23,Male,Imo,Urban,889,225,3,2.98,Stable,71.0,Owing,1,0,Middle,Tetiarary,1,1,0,16,0
STU1546,17,Female,Plateau,Urban,264,213,4,2.77,Stable,87.0,Partial,1,0,High,No formal,0,0,0,13,0
STU1547,26,Female,Imo,Rural,201,190,6,1.87,Stable,65.0,Owing,0,0,High,Secondary,2,0,0,22,1
STU1548,26,Male,Abuja,Urban,649,206,6,2.35,Stable,84.5,Paid,0,0,Low,Tetiarary,1,1,0,15,0
STU1549,28,Male,Enugu,Urban,259,215,8,2.8,Stable,91.5,Owing,1,0,Middle,Secondary,0,1,0,22,0
STU1550,18,Female,Osun,Urban,736,232,3,2.8,Improving,98.4,Paid,0,1,Low,Secondary,2,2,0,22,0
STU1551,27,Female,Abuja,Rural,340,315,7,4.24,Declining,78.5,Owing,0,0,Low,Tetiarary,4,2,0,13,1
STU1552,18,Female,Imo,Urban,557,284,6,3.7,Stable,76.9,Paid,0,0,Middle,Primary,2,0,0,16,0
STU1553,25,Male,Cross River,Urban,506,146,5,1.1,Stable,66.8,Partial,0,0,Middle,No formal,4,3,0,21,1
STU1554,26,Male,Anambra,Urban,259,152,6,1.21,Stable,67.6,Partial,0,0,Low,Tetiarary,4,2,0,24,1
STU1555,16,Female,Edo,Rural,518,259,8,3.57,Declining,76.6,Owing,1,0,Low,Tetiarary,4,2,0,23,0
STU1556,21,Female,Osun,Urban,711,205,4,2.33,Stable,85.5,Partial,0,0,High,Tetiarary,3,0,0,13,0
STU1557,17,Female,Imo,Urban,246,143,8,1.25,Declining,93.7,Paid,0,0,High,Tetiarary,3,3,0,21,1
STU1558,16,Female,Ogun,Rural,153,277,6,3.38,Stable,68.0,Partial,0,1,Middle,Tetiarary,4,1,0,20,0
STU1559,17,Female,Lagos,Rural,714,227,7,2.81,Stable,100.0,Paid,0,0,High,Tetiarary,0,1,1,21,0
STU1560,27,Female,Imo,Rural,303,156,6,1.58,Stable,75.9,Paid,0,0,Middle,No formal,4,0,1,17,0
STU1561,21,Male,Kwara,Rural,761,191,3,2.09,Stable,79.7,Paid,0,0,High,Tetiarary,1,0,0,19,0
STU1562,29,Male,Cross River,Urban,854,273,6,3.71,Stable,68.8,Paid,1,0,High,Primary,4,3,1,20,1
STU1563,19,Female,Osun,Urban,624,350,7,4.75,Stable,43.6,Partial,0,0,High,Primary,3,0,1,24,0
STU1564,21,Male,Oyo,Urban,457,208,3,2.38,Improving,93.3,Owing,0,0,Low,Secondary,3,0,0,19,0
STU1565,27,Male,Kogi,Rural,397,363,5,5.0,Stable,91.1,Owing,0,0,Middle,Secondary,1,0,0,16,1
STU1566,24,Female,Oyo,Urban,216,341,3,4.7,Declining,75.8,Paid,0,0,Middle,Secondary,1,3,0,16,1
STU1567,28,Female,Plateau,Rural,672,276,8,3.67,Stable,81.0,Paid,0,0,Middle,Primary,2,0,1,17,1
STU1568,25,Male,Ogun,Rural,542,358,4,5.0,Stable,87.7,Paid,0,0,Middle,Secondary,0,2,1,12,0
STU1569,27,Male,Cross River,Urban,598,344,8,4.55,Declining,56.6,Paid,0,0,Middle,No formal,0,3,0,24,1
STU1570,25,Female,Lagos,Urban,599,350,3,4.85,Stable,72.1,Paid,0,0,High,Secondary,0,2,0,22,0
STU1571,23,Female,Osun,Urban,135,160,5,1.65,Improving,91.9,Paid,0,0,Low,Tetiarary,3,3,1,19,0
STU1572,16,Female,Rivers,Urban,333,163,6,1.4,Declining,61.2,Partial,0,0,Middle,Tetiarary,0,2,0,13,1
STU1573,28,Male,Delta,Urban,616,369,3,5.0,Improving,84.4,Partial,0,0,Low,Tetiarary,2,3,0,17,0
STU1574,23,Male,Cross River,Rural,260,143,8,1.05,Declining,59.7,Partial,0,0,Low,Secondary,2,1,0,20,1
STU1575,24,Female,Kano,Urban,483,291,3,3.83,Improving,87.0,Paid,0,0,Middle,Tetiarary,0,0,0,24,0
STU1576,21,Female,Ogun,Urban,565,326,3,4.43,Improving,79.5,Partial,0,0,Middle,Secondary,1,0,0,14,0
STU1577,25,Female,Kwara,Urban,67,366,3,4.93,Improving,55.8,Owing,0,0,Middle,No formal,2,3,0,13,0
STU1578,30,Male,Edo,Rural,315,142,5,1.23,Stable,97.5,Paid,0,0,Middle,Tetiarary,1,2,0,21,0
STU1579,20,Male,Rivers,Rural,411,207,7,2.17,Improving,69.0,Paid,0,0,Middle,Tetiarary,3,1,0,16,0
STU1580,21,Male,Akwa Ibom,Rural,806,240,7,2.74,Improving,67.8,Paid,0,0,Middle,Tetiarary,2,2,0,22,0
STU1581,28,Female,Kano,Rural,109,307,3,4.4,Declining,83.0,Paid,1,0,High,Tetiarary,1,0,0,20,0
STU1582,21,Female,Cross River,Urban,621,315,5,4.24,Declining,97.2,Partial,0,0,Middle,Primary,0,0,0,17,0
STU1583,24,Male,Lagos,Urban,841,193,5,1.92,Declining,64.8,Paid,0,0,High,Tetiarary,3,2,0,19,0
STU1584,19,Male,Kogi,Urban,19,174,3,2.09,Declining,80.9,Partial,1,0,Middle,Tetiarary,4,3,0,19,0
STU1585,17,Female,Rivers,Urban,691,362,8,5.0,Stable,86.4,Paid,0,0,Middle,Tetiarary,4,3,0,18,0
STU1586,26,Male,Cross River,Rural,263,195,8,2.16,Declining,90.4,Partial,0,0,Middle,Tetiarary,0,2,0,16,1
STU1587,26,Female,Kaduna,Urban,727,247,4,3.36,Stable,82.6,Paid,1,0,Middle,Secondary,3,0,0,13,0
STU1588,24,Female,Abuja,Urban,416,356,3,4.96,Stable,74.5,Partial,0,0,Middle,No formal,3,2,0,21,0
STU1589,17,Male,Kwara,Rural,263,179,4,1.78,Declining,67.6,Paid,0,0,Middle,Primary,3,0,1,21,1
STU1590,25,Male,Oyo,Rural,618,344,8,4.75,Improving,81.3,Paid,0,0,Low,No formal,3,2,0,16,0
STU1591,24,Female,Edo,Rural,264,207,8,2.17,Declining,63.9,Owing,0,0,Low,Primary,4,3,0,23,1
STU1592,17,Male,Anambra,Urban,860,185,3,1.78,Stable,36.2,Partial,0,0,High,Secondary,1,1,0,18,1
STU1593,27,Male,Anambra,Rural,675,217,4,2.64,Improving,86.5,Paid,0,0,High,Tetiarary,3,0,1,23,0
STU1594,23,Female,Ogun,Urban,49,280,4,3.73,Improving,93.6,Partial,0,1,Middle,Tetiarary,1,1,1,23,0
STU1595,24,Female,Osun,Urban,817,294,3,3.68,Improving,44.6,Partial,0,0,Middle,Tetiarary,3,3,0,18,0
STU1596,27,Female,Benue,Rural,767,145,4,1.09,Declining,64.9,Partial,0,0,Low,No formal,2,2,0,22,1
STU1597,25,Male,Enugu,Rural,335,156,6,1.48,Declining,89.3,Paid,0,0,Low,Secondary,2,3,0,24,1
STU1598,24,Male,Edo,Urban,169,303,8,4.03,Stable,100.0,Owing,0,0,High,Tetiarary,2,1,0,13,0
STU1599,25,Male,Plateau,Urban,197,238,7,3.0,Stable,80.3,Paid,0,0,Middle,Primary,3,3,1,18,0
STU1600,24,Male,Edo,Urban,525,220,5,2.39,Improving,69.1,Paid,0,0,Low,Tetiarary,1,3,0,17,1
STU1601,17,Female,Ogun,Urban,405,141,4,1.22,Declining,77.3,Paid,0,1,Middle,Tetiarary,4,2,0,18,0
STU1602,19,Male,Kwara,Rural,378,216,4,2.52,Improving,100.0,Partial,0,0,High,Secondary,0,1,0,22,1
STU1603,22,Female,Akwa Ibom,Urban,69,319,5,4.31,Declining,70.3,Owing,0,0,Low,Tetiarary,4,1,0,19,1
STU1604,27,Male,Akwa Ibom,Rural,391,205,4,2.13,Stable,68.0,Owing,0,0,Middle,Primary,3,1,0,15,0
STU1605,17,Male,Osun,Rural,499,191,5,2.09,Declining,72.8,Partial,0,0,High,Tetiarary,2,0,0,12,1
STU1606,16,Female,Abuja,Urban,798,231,3,2.58,Stable,65.7,Owing,0,0,Middle,No formal,2,3,0,19,0
STU1607,18,Male,Abuja,Urban,697,310,6,4.16,Stable,81.8,Partial,0,0,Middle,Primary,1,1,0,19,0
STU1608,27,Male,Kano,Urban,419,357,6,5.0,Stable,100.0,Partial,0,1,High,Tetiarary,3,3,1,14,1
STU1609,19,Male,Anambra,Urban,798,161,8,1.57,Declining,84.8,Owing,0,0,Low,Tetiarary,4,2,0,14,1
STU1610,23,Male,Benue,Urban,795,250,7,3.11,Declining,76.2,Paid,0,0,High,Tetiarary,3,2,0,16,0
STU1611,21,Male,Kwara,Urban,34,246,4,3.04,Stable,75.6,Partial,0,0,Low,Secondary,3,0,0,14,0
STU1612,26,Male,Rivers,Rural,270,322,7,4.47,Stable,56.6,Partial,1,0,Middle,Tetiarary,2,0,0,16,0
STU1613,17,Female,Delta,Urban,332,206,3,2.35,Declining,93.2,Owing,0,0,High,Tetiarary,4,2,0,19,0
STU1614,30,Female,Cross River,Rural,496,366,6,5.0,Declining,78.8,Owing,0,1,Middle,Tetiarary,0,1,1,12,1
STU1615,24,Male,Edo,Urban,221,327,3,4.45,Stable,77.3,Owing,0,0,High,Tetiarary,2,2,0,13,1
STU1616,29,Male,Cross River,Rural,324,325,3,4.42,Improving,100.0,Owing,0,0,High,Tetiarary,4,3,0,13,0
STU1617,17,Female,Plateau,Rural,403,279,4,4.02,Improving,84.5,Partial,1,0,Low,Tetiarary,1,0,1,23,1
STU1618,28,Male,Niger,Urban,895,355,3,4.74,Declining,68.7,Paid,0,0,High,Secondary,2,0,0,15,0
STU1619,30,Female,Kaduna,Rural,109,208,6,2.38,Improving,73.6,Paid,0,0,High,Primary,1,2,0,20,0
STU1620,27,Female,Imo,Rural,700,223,7,2.64,Improving,97.2,Partial,0,1,Middle,Primary,2,1,0,13,1
STU1621,20,Male,Rivers,Rural,334,242,6,2.97,Improving,81.7,Paid,0,0,Low,Tetiarary,3,1,0,23,1
STU1622,27,Female,Osun,Rural,664,178,4,1.66,Stable,58.4,Partial,0,0,Low,Tetiarary,4,3,0,22,1
STU1623,19,Female,Osun,Urban,621,152,6,1.41,Stable,93.8,Paid,0,1,Middle,Tetiarary,1,0,0,24,0
STU1624,28,Female,Osun,Urban,51,180,5,1.7,Stable,70.0,Owing,0,0,Low,Secondary,2,2,0,23,0
STU1625,22,Male,Osun,Urban,603,196,7,2.17,Improving,100.0,Paid,0,0,Middle,No formal,1,2,0,20,1
STU1626,23,Female,Niger,Urban,825,320,5,4.63,Declining,96.2,Owing,1,0,Low,Secondary,2,0,0,18,1
STU1627,20,Female,Akwa Ibom,Rural,645,151,5,1.39,Declining,73.3,Owing,0,0,Low,Secondary,2,2,0,21,1
STU1628,25,Male,Plateau,Rural,774,152,8,1.41,Improving,99.2,Partial,0,0,Middle,Secondary,0,0,0,19,1
STU1629,29,Female,Kogi,Urban,318,259,4,3.37,Improving,81.0,Paid,0,1,Middle,Tetiarary,0,1,1,12,0
STU1630,29,Male,Ogun,Rural,151,341,3,4.7,Stable,92.8,Partial,0,1,Middle,Primary,0,1,0,24,0
STU1631,20,Male,Kwara,Rural,466,236,5,2.87,Declining,87.3,Partial,0,1,High,Secondary,1,2,0,16,0
STU1632,17,Female,Kogi,Urban,588,196,6,2.07,Declining,67.3,Paid,0,1,Low,Secondary,3,1,1,20,0
STU1633,23,Female,Kogi,Urban,490,179,3,1.98,Declining,70.3,Paid,0,0,Low,Tetiarary,2,1,1,23,0
STU1634,29,Female,Niger,Urban,656,257,6,3.23,Declining,95.4,Paid,0,0,Low,Tetiarary,4,3,0,15,0
STU1635,17,Female,Abuja,Rural,414,219,6,2.57,Improving,75.0,Paid,0,0,Middle,Secondary,0,0,0,13,0
STU1636,25,Male,Kano,Rural,31,267,3,3.41,Improving,73.9,Paid,0,0,Low,Tetiarary,1,0,0,17,0
STU1637,27,Male,Imo,Urban,33,312,3,3.99,Stable,65.7,Paid,0,0,High,Secondary,1,2,0,13,0
STU1638,21,Female,Oyo,Urban,275,174,6,1.79,Declining,86.4,Partial,0,0,Low,Primary,1,0,0,14,1
STU1639,23,Male,Kwara,Rural,690,142,4,1.33,Stable,100.0,Owing,0,0,High,Secondary,4,3,1,19,1
STU1640,21,Female,Kaduna,Rural,505,259,7,3.07,Declining,64.0,Partial,0,0,Middle,Primary,4,2,0,14,1
STU1641,19,Male,Delta,Rural,257,144,8,1.37,Declining,80.4,Owing,0,0,Middle,Tetiarary,0,2,1,13,1
STU1642,28,Male,Abuja,Rural,389,357,7,5.0,Declining,100.0,Partial,0,0,High,Tetiarary,4,0,1,17,0
STU1643,19,Male,Imo,Urban,64,150,4,1.37,Improving,78.8,Partial,0,0,High,Tetiarary,0,1,0,14,1
STU1644,21,Male,Enugu,Urban,111,265,8,3.37,Improving,86.8,Paid,0,0,Middle,Secondary,4,1,0,12,0
STU1645,29,Female,Kwara,Urban,224,210,3,2.22,Declining,64.1,Paid,0,1,High,Secondary,4,1,0,23,0
STU1646,30,Female,Enugu,Rural,445,256,8,3.22,Improving,86.4,Owing,0,0,Middle,No formal,4,1,0,14,1
STU1647,28,Female,Kano,Urban,775,323,6,4.38,Improving,77.2,Owing,0,0,High,Secondary,0,3,0,17,0
STU1648,19,Male,Imo,Rural,887,277,7,3.58,Declining,94.8,Partial,0,0,Middle,No formal,2,2,0,14,0
STU1649,23,Male,Delta,Urban,662,245,8,3.43,Declining,97.8,Paid,1,0,High,Secondary,0,1,1,20,0
STU1650,24,Male,Niger,Rural,568,255,6,3.2,Improving,100.0,Partial,0,0,Middle,Tetiarary,2,3,0,18,1
STU1651,16,Male,Oyo,Urban,576,301,4,4.0,Declining,88.7,Paid,0,0,Middle,Tetiarary,1,2,0,16,0
STU1652,28,Male,Kano,Urban,550,206,8,2.35,Improving,84.9,Paid,0,0,High,No formal,1,0,0,13,0
STU1653,19,Male,Oyo,Rural,100,339,6,4.66,Stable,82.9,Owing,0,0,Low,Secondary,0,0,0,20,1
STU1654,19,Male,Anambra,Urban,93,170,4,1.82,Stable,74.7,Partial,0,0,Low,Secondary,2,3,1,16,1
STU1655,17,Male,Anambra,Rural,832,214,3,2.49,Declining,85.1,Partial,0,1,Middle,Primary,2,2,0,18,0
STU1656,21,Male,Osun,Urban,235,210,4,2.42,Improving,75.6,Owing,0,0,High,Secondary,2,1,0,20,1
STU1657,18,Female,Cross River,Urban,279,205,4,2.33,Stable,82.5,Partial,0,0,High,Secondary,1,2,0,15,0
STU1658,22,Male,Benue,Rural,250,209,7,2.4,Improving,99.8,Partial,0,0,High,Tetiarary,0,1,0,20,0
STU1659,28,Male,Edo,Rural,115,180,6,1.7,Declining,64.9,Paid,0,0,High,Tetiarary,3,3,0,12,0
STU1660,26,Female,Enugu,Urban,238,330,8,4.5,Stable,97.1,Paid,0,1,Middle,Secondary,2,1,0,23,0
STU1661,26,Male,Benue,Rural,282,299,7,3.97,Stable,99.8,Partial,0,0,Low,Tetiarary,2,3,0,17,1
STU1662,20,Female,Imo,Urban,481,159,5,1.83,Improving,78.2,Paid,1,0,Low,Primary,3,2,0,13,1
STU1663,19,Male,Delta,Urban,421,324,4,4.2,Stable,48.2,Paid,0,0,Middle,Tetiarary,0,2,0,19,0
STU1664,20,Female,Plateau,Urban,682,365,5,5.0,Stable,70.9,Paid,0,0,Middle,Primary,2,1,0,16,1
STU1665,23,Male,Kaduna,Urban,132,317,7,4.58,Declining,99.5,Partial,1,0,Low,Primary,0,2,0,14,1
STU1666,18,Female,Akwa Ibom,Urban,241,347,6,4.8,Stable,79.7,Partial,0,0,Middle,Primary,2,1,0,13,0
STU1667,29,Male,Lagos,Urban,807,292,7,3.64,Declining,65.0,Partial,0,0,High,Secondary,4,2,0,19,0
STU1668,22,Female,Plateau,Urban,623,279,6,3.62,Stable,72.4,Partial,0,0,Middle,Secondary,2,0,0,18,0
STU1669,30,Male,Abuja,Rural,132,338,6,4.64,Stable,92.6,Paid,0,0,High,Tetiarary,4,1,0,20,0
STU1670,29,Male,Abuja,Urban,711,178,3,1.86,Stable,88.2,Partial,0,0,High,Tetiarary,0,3,0,19,1
STU1671,21,Female,Imo,Rural,855,284,4,3.8,Stable,76.4,Owing,0,0,High,Secondary,2,0,1,22,0
STU1672,27,Male,Niger,Rural,398,184,7,1.97,Declining,74.5,Paid,0,0,High,Secondary,1,3,0,15,1
STU1673,16,Female,Plateau,Urban,479,278,6,3.6,Declining,74.1,Partial,0,0,Middle,Tetiarary,1,2,0,13,0
STU1674,28,Male,Imo,Urban,659,209,7,2.2,Stable,66.2,Partial,0,0,Middle,Tetiarary,3,0,0,24,0
STU1675,22,Male,Kogi,Urban,399,264,7,3.36,Improving,100.0,Partial,0,0,High,Tetiarary,1,2,0,13,0
STU1676,29,Female,Ogun,Rural,115,290,6,3.81,Improving,75.2,Paid,0,0,Middle,Secondary,4,1,0,13,1
STU1677,28,Male,Benue,Urban,94,230,8,3.07,Stable,98.3,Owing,1,0,High,Tetiarary,1,3,0,22,0
STU1678,22,Male,Abuja,Urban,767,209,5,2.5,Declining,100.0,Partial,0,0,Middle,Tetiarary,1,2,1,23,0
STU1679,29,Female,Ogun,Rural,284,305,4,4.07,Declining,95.0,Owing,0,1,Middle,Primary,1,3,0,17,0
STU1680,30,Female,Lagos,Rural,337,269,4,3.54,Improving,73.5,Paid,0,0,Low,Primary,2,3,1,18,0
STU1681,27,Female,Oyo,Urban,228,353,8,4.9,Improving,86.1,Partial,0,0,High,Tetiarary,3,2,0,23,0
STU1682,16,Male,Kaduna,Urban,105,223,3,2.64,Stable,79.6,Partial,0,0,High,Tetiarary,0,1,0,17,0
STU1683,24,Male,Ogun,Rural,136,228,8,2.53,Declining,66.4,Paid,0,1,High,Secondary,3,3,0,13,1
STU1684,21,Male,Ogun,Rural,17,218,3,2.66,Stable,84.9,Paid,0,0,High,Tetiarary,4,2,1,15,0
STU1685,30,Male,Niger,Urban,461,252,3,2.95,Stable,62.3,Partial,0,0,Low,Primary,2,1,0,14,0
STU1686,27,Female,Enugu,Urban,445,232,8,2.8,Stable,97.8,Paid,0,1,Low,Secondary,2,2,0,22,0
STU1687,17,Male,Niger,Rural,102,211,4,2.43,Improving,73.0,Partial,0,0,High,Secondary,1,1,0,24,0
STU1688,20,Male,Kwara,Rural,124,304,5,4.05,Stable,83.0,Paid,0,0,Middle,Tetiarary,1,3,0,15,0
STU1689,28,Male,Anambra,Rural,297,188,4,2.03,Declining,84.2,Paid,0,0,Middle,Secondary,4,0,0,16,0
STU1690,26,Female,Delta,Urban,820,191,4,2.09,Declining,76.1,Partial,0,0,Middle,Secondary,2,2,0,18,0
STU1691,19,Female,Akwa Ibom,Rural,715,172,4,1.76,Stable,88.8,Paid,0,0,Middle,Primary,0,3,0,20,1
STU1692,22,Female,Benue,Urban,5,161,8,1.57,Improving,72.9,Owing,0,0,High,Secondary,3,2,0,22,1
STU1693,23,Male,Niger,Urban,576,253,8,3.17,Stable,93.1,Owing,0,1,Middle,Tetiarary,2,2,0,13,0
STU1694,26,Female,Benue,Rural,254,272,8,3.3,Declining,59.8,Partial,0,1,High,Secondary,0,1,0,19,0
STU1695,29,Female,Plateau,Urban,656,157,4,1.5,Improving,81.9,Owing,0,0,High,Tetiarary,0,2,0,14,0
STU1696,30,Male,Delta,Rural,153,305,5,4.07,Declining,100.0,Owing,0,1,Low,Tetiarary,3,1,0,20,1
STU1697,26,Male,Kano,Urban,399,257,3,3.13,Declining,65.0,Paid,0,0,Middle,No formal,0,3,1,21,0
STU1698,16,Male,Cross River,Rural,48,256,7,3.42,Stable,69.8,Owing,1,0,Middle,Tetiarary,4,2,1,23,1
STU1699,20,Male,Cross River,Urban,887,176,3,1.83,Stable,87.7,Paid,0,0,High,Secondary,0,3,0,15,0
STU1700,30,Female,Kano,Rural,702,361,3,5.0,Declining,82.7,Paid,0,0,Middle,Primary,4,0,0,14,0
STU1701,18,Male,Kogi,Urban,624,362,7,5.0,Stable,85.3,Partial,0,0,Middle,Tetiarary,0,3,0,21,0
STU1702,16,Male,Delta,Rural,48,203,4,2.4,Improving,87.3,Partial,0,0,High,Tetiarary,1,2,1,17,0
STU1703,27,Female,Cross River,Rural,82,277,5,3.68,Improving,89.5,Paid,0,0,Middle,Secondary,0,0,1,21,0
STU1704,18,Female,Akwa Ibom,Urban,230,218,5,2.56,Improving,96.6,Paid,0,0,High,No formal,4,1,0,24,0
STU1705,29,Female,Plateau,Urban,166,309,3,4.14,Declining,86.1,Partial,0,0,High,Tetiarary,0,0,0,20,0
STU1706,21,Male,Lagos,Urban,797,262,7,3.32,Stable,76.4,Paid,0,0,Middle,Tetiarary,0,2,0,18,0
STU1707,29,Male,Imo,Rural,257,315,6,4.54,Stable,90.1,Partial,1,0,Middle,Secondary,0,2,0,15,0
STU1708,22,Male,Anambra,Urban,136,183,4,1.95,Declining,100.0,Partial,0,0,Low,Secondary,4,3,0,14,1
STU1709,23,Male,Imo,Urban,452,221,3,2.91,Stable,78.0,Paid,1,0,High,No formal,0,1,0,21,1
STU1710,28,Male,Abuja,Urban,888,226,5,2.5,Declining,65.4,Paid,0,0,High,Secondary,3,2,0,15,0
STU1711,26,Female,Kogi,Rural,891,364,8,5.0,Stable,96.6,Partial,0,0,Middle,Secondary,3,2,1,14,1
STU1712,19,Male,Osun,Urban,478,155,8,1.46,Stable,78.2,Partial,0,1,Low,Secondary,4,1,0,23,1
STU1713,18,Male,Anambra,Urban,660,193,7,1.92,Stable,47.4,Paid,0,0,High,Primary,1,1,0,14,1
STU1714,20,Male,Kogi,Rural,782,241,7,2.96,Declining,92.7,Paid,0,0,Middle,Tetiarary,3,3,0,23,0
STU1715,24,Female,Lagos,Rural,113,302,3,4.02,Declining,72.0,Paid,0,0,High,Secondary,2,0,0,24,0
STU1716,28,Female,Edo,Urban,710,237,6,2.89,Improving,78.6,Paid,0,0,Low,Secondary,3,1,0,20,0
STU1717,21,Female,Plateau,Rural,39,295,5,4.0,Declining,85.0,Partial,0,0,Middle,Secondary,2,2,1,15,0
STU1718,30,Male,Niger,Rural,471,141,3,1.22,Declining,82.9,Partial,0,0,High,Secondary,4,1,0,20,1
STU1719,24,Male,Oyo,Urban,279,233,6,2.92,Improving,90.6,Partial,0,0,Middle,Primary,1,2,1,23,0
STU1720,30,Male,Kano,Urban,191,280,7,3.63,Improving,73.5,Owing,0,0,Middle,Tetiarary,2,3,0,21,1
STU1721,21,Male,Cross River,Rural,247,308,8,4.12,Stable,87.7,Paid,0,0,Low,Secondary,2,0,0,16,1
STU1722,17,Female,Imo,Urban,268,347,4,4.8,Stable,76.1,Paid,0,1,Middle,No formal,3,3,0,18,0
STU1723,28,Female,Oyo,Urban,526,198,8,2.21,Stable,91.1,Partial,0,0,High,No formal,2,1,0,16,0
STU1724,20,Female,Benue,Urban,682,208,5,2.38,Stable,89.2,Partial,0,0,Middle,Secondary,4,2,0,12,1
STU1725,27,Female,Enugu,Rural,545,258,5,3.35,Stable,66.0,Partial,1,0,High,Primary,4,1,0,13,1
STU1726,26,Female,Rivers,Urban,787,231,8,2.78,Improving,96.3,Partial,0,0,High,Secondary,4,1,0,22,1
STU1727,24,Male,Kaduna,Rural,91,320,8,4.43,Improving,72.0,Partial,0,0,High,Secondary,3,1,1,16,0
STU1728,23,Female,Kogi,Urban,539,184,6,2.07,Stable,92.1,Paid,0,0,High,Tetiarary,1,1,1,17,0
STU1729,22,Male,Kaduna,Rural,214,287,3,3.76,Stable,85.5,Partial,0,0,Low,Tetiarary,3,0,0,18,1
STU1730,16,Female,Osun,Rural,50,163,7,1.7,Stable,100.0,Partial,0,0,High,Secondary,4,2,1,13,0
STU1731,19,Male,Cross River,Urban,471,328,6,4.47,Declining,76.6,Owing,0,0,Low,Tetiarary,3,1,0,21,0
STU1732,27,Male,Cross River,Rural,544,230,4,2.77,Improving,74.8,Partial,0,0,Low,Tetiarary,4,2,0,20,0
STU1733,22,Female,Ogun,Urban,30,233,8,2.82,Improving,79.7,Partial,0,0,Low,Tetiarary,0,0,0,17,0
STU1734,26,Male,Lagos,Rural,270,197,4,2.19,Improving,75.5,Partial,0,0,Middle,Primary,0,2,0,13,0
STU1735,22,Male,Abuja,Urban,179,294,4,3.88,Stable,92.0,Owing,0,1,Middle,Tetiarary,2,2,0,13,0
STU1736,30,Male,Akwa Ibom,Urban,520,293,6,3.66,Declining,55.8,Owing,0,0,Middle,Tetiarary,1,0,0,14,1
STU1737,21,Male,Rivers,Rural,315,267,7,3.31,Stable,64.2,Partial,0,0,Low,Secondary,0,1,1,12,0
STU1738,23,Female,Ogun,Rural,326,146,5,1.1,Stable,64.0,Partial,0,0,Middle,Secondary,4,2,0,20,1
STU1739,26,Female,Lagos,Urban,583,309,3,4.14,Stable,94.3,Paid,0,0,Middle,Tetiarary,3,3,0,21,0
STU1740,28,Male,Rivers,Urban,139,186,5,2.0,Stable,100.0,Partial,0,0,High,Tetiarary,3,2,0,22,0
STU1741,21,Male,Abuja,Urban,59,192,7,2.1,Stable,78.4,Partial,0,1,Middle,Secondary,2,1,0,15,0
STU1742,25,Female,Rivers,Rural,547,326,5,4.43,Stable,77.5,Partial,0,0,Low,Tetiarary,3,3,0,16,1
STU1743,18,Male,Edo,Urban,590,177,8,1.84,Improving,81.1,Paid,0,0,Middle,Secondary,0,1,0,18,0
STU1744,19,Male,Rivers,Urban,535,336,8,4.61,Declining,97.4,Partial,0,0,Middle,Primary,3,2,0,12,1
STU1745,29,Male,Delta,Urban,160,354,6,5.0,Stable,66.1,Paid,1,1,Middle,Secondary,0,0,1,14,0
STU1746,18,Female,Cross River,Rural,853,359,4,5.0,Stable,83.6,Partial,1,0,Middle,Secondary,0,1,1,14,0
STU1747,16,Male,Niger,Urban,672,365,7,5.0,Stable,94.6,Paid,0,0,Middle,Tetiarary,1,1,1,13,0
STU1748,30,Male,Abuja,Urban,151,192,7,2.1,Declining,87.5,Partial,0,1,Middle,Secondary,2,0,0,19,0
STU1749,25,Male,Kano,Urban,489,282,5,3.77,Improving,82.8,Paid,0,0,Middle,Tetiarary,4,2,1,16,0
STU1750,20,Male,Plateau,Urban,603,363,6,5.0,Improving,95.0,Paid,1,0,High,Secondary,0,1,0,12,0
STU1751,30,Female,Kaduna,Rural,24,293,5,3.96,Stable,39.5,Partial,1,0,Low,Secondary,2,2,0,23,0
STU1752,16,Male,Rivers,Rural,273,187,5,2.32,Stable,90.2,Paid,1,0,High,Primary,4,2,0,13,0
STU1753,16,Male,Kwara,Rural,337,234,7,2.83,Improving,70.2,Partial,0,0,High,Secondary,3,2,0,12,0
STU1754,17,Male,Lagos,Urban,559,286,5,3.54,Declining,52.5,Owing,0,0,Low,Tetiarary,2,0,0,17,0
STU1755,28,Male,Cross River,Rural,405,276,4,3.67,Stable,87.7,Owing,0,0,High,Primary,2,2,1,20,1
STU1756,19,Female,Rivers,Urban,310,203,5,2.3,Declining,100.0,Paid,0,0,High,Tetiarary,2,2,0,22,0
STU1757,21,Female,Rivers,Urban,32,232,4,2.9,Stable,77.9,Owing,0,0,High,Secondary,3,3,1,18,0
STU1758,23,Male,Delta,Rural,471,321,7,4.35,Declining,94.3,Paid,0,0,Middle,No formal,3,3,0,16,0
STU1759,28,Male,Imo,Urban,264,264,6,3.66,Stable,100.0,Owing,1,1,Middle,Primary,2,3,0,23,0
STU1760,18,Male,Kogi,Urban,538,318,8,4.6,Stable,99.7,Partial,1,0,Middle,Tetiarary,1,1,0,24,0
STU1761,16,Female,Kogi,Rural,891,178,4,1.86,Declining,100.0,Paid,0,0,Low,Secondary,0,1,0,14,1
STU1762,18,Female,Plateau,Urban,105,143,6,1.65,Improving,91.1,Paid,1,0,High,Tetiarary,3,3,1,23,0
STU1763,27,Male,Cross River,Rural,555,265,6,3.37,Declining,81.1,Paid,0,0,High,Tetiarary,1,0,0,23,1
STU1764,18,Female,Kaduna,Rural,806,142,4,1.03,Stable,56.0,Partial,0,0,Low,Secondary,3,0,0,19,1
STU1765,20,Female,Kano,Urban,357,203,7,2.3,Declining,76.3,Paid,0,0,High,Secondary,2,3,0,21,0
STU1766,26,Female,Oyo,Urban,304,168,3,1.49,Stable,67.4,Partial,0,0,High,Secondary,1,1,0,15,0
STU1767,27,Male,Edo,Urban,686,255,6,3.3,Declining,100.0,Partial,0,0,Low,Tetiarary,4,1,1,20,1
STU1768,27,Male,Kaduna,Urban,300,150,6,1.37,Improving,77.4,Owing,0,0,Middle,Secondary,0,0,0,16,1
STU1769,19,Male,Edo,Urban,357,236,7,2.87,Stable,81.8,Owing,0,0,Middle,Primary,0,2,0,17,1
STU1770,28,Female,Delta,Rural,134,241,7,3.06,Declining,88.3,Paid,0,1,High,Secondary,3,0,1,16,0
STU1771,19,Female,Lagos,Urban,160,325,5,4.42,Declining,80.7,Partial,0,0,High,Tetiarary,0,2,0,21,0
STU1772,24,Female,Kano,Urban,78,342,7,4.71,Improving,100.0,Owing,0,0,Low,Tetiarary,4,1,0,23,1
STU1773,22,Male,Anambra,Urban,346,294,6,3.88,Stable,70.7,Owing,0,0,Middle,Tetiarary,1,1,0,22,0
STU1774,19,Male,Akwa Ibom,Urban,469,364,4,5.0,Stable,82.9,Paid,1,0,High,Tetiarary,1,3,0,18,0
STU1775,18,Male,Akwa Ibom,Rural,94,160,3,1.35,Improving,68.9,Paid,0,0,High,Secondary,2,1,0,18,0
STU1776,21,Female,Kogi,Urban,583,178,5,1.96,Stable,60.2,Paid,1,0,Low,Secondary,1,2,0,12,0
STU1777,18,Male,Kaduna,Rural,459,362,4,5.0,Declining,70.8,Paid,0,0,Middle,Tetiarary,3,0,0,13,0
STU1778,21,Male,Niger,Urban,752,241,3,2.96,Stable,79.4,Paid,0,0,High,Tetiarary,4,3,0,18,0
STU1779,26,Female,Enugu,Urban,716,185,3,1.98,Stable,73.6,Partial,0,0,Middle,Secondary,2,2,0,19,0
STU1780,28,Male,Benue,Urban,336,205,3,2.13,Declining,69.6,Partial,0,1,Middle,Secondary,3,0,0,15,0
STU1781,26,Male,Oyo,Urban,743,230,8,2.67,Improving,58.9,Partial,0,0,High,Tetiarary,3,0,1,17,0
STU1782,28,Male,Kwara,Rural,352,303,4,4.03,Stable,78.8,Partial,0,0,Low,Secondary,3,0,0,22,1
STU1783,28,Female,Lagos,Urban,237,342,5,4.51,Declining,57.4,Paid,0,0,High,Secondary,0,1,0,23,0
STU1784,27,Female,Kogi,Rural,782,250,5,3.41,Declining,91.4,Owing,1,0,Middle,Tetiarary,3,0,0,21,0
STU1785,24,Female,Benue,Urban,602,221,3,2.61,Declining,81.2,Owing,0,0,Low,Tetiarary,0,1,0,14,0
STU1786,21,Male,Plateau,Rural,106,262,4,3.42,Declining,58.1,Partial,1,1,Low,Primary,1,0,0,18,0
STU1787,27,Female,Edo,Urban,485,332,8,4.54,Improving,75.4,Owing,0,0,Low,Secondary,0,0,0,22,1
STU1788,19,Female,Kano,Urban,218,330,3,4.3,Stable,68.7,Paid,0,0,Low,Secondary,3,1,0,14,0
STU1789,30,Female,Benue,Urban,112,238,7,2.9,Declining,84.8,Partial,0,0,High,Tetiarary,4,1,0,22,0
STU1790,20,Female,Benue,Urban,169,174,5,2.09,Improving,100.0,Paid,1,0,Low,Tetiarary,4,2,0,18,0
STU1791,28,Male,Imo,Rural,607,298,6,3.85,Improving,51.9,Paid,0,0,High,Tetiarary,1,0,1,23,0
STU1792,21,Male,Abuja,Urban,708,295,3,4.2,Declining,81.7,Paid,1,0,Middle,Secondary,3,1,0,22,0
STU1793,26,Male,Niger,Urban,339,242,7,2.97,Declining,77.6,Partial,0,0,Middle,No formal,0,2,0,23,0
STU1794,18,Female,Oyo,Urban,90,268,5,3.43,Stable,90.1,Paid,0,0,Middle,Tetiarary,4,2,0,22,0
STU1795,23,Female,Anambra,Urban,738,164,8,1.62,Declining,83.2,Partial,0,0,High,Secondary,2,1,0,19,0
STU1796,19,Female,Ogun,Rural,879,182,4,1.73,Declining,68.7,Paid,0,0,Middle,Tetiarary,3,0,0,14,0
STU1797,23,Male,Plateau,Rural,428,369,5,5.0,Declining,75.2,Owing,0,0,Low,Tetiarary,3,2,0,13,0
STU1798,25,Male,Abuja,Rural,617,223,4,2.44,Declining,68.1,Partial,0,0,High,Secondary,2,0,0,23,0
STU1799,25,Male,Kwara,Urban,742,334,4,4.57,Stable,96.1,Paid,0,0,Middle,Tetiarary,4,0,0,17,0
STU1800,18,Female,Anambra,Rural,368,330,8,4.8,Declining,80.3,Paid,1,1,Low,No formal,2,2,0,15,0
STU1801,25,Male,Kogi,Rural,64,190,8,2.17,Stable,100.0,Owing,0,0,Middle,Tetiarary,1,1,1,19,1
STU1802,22,Female,Lagos,Urban,486,269,3,3.44,Declining,79.1,Paid,0,0,Middle,Secondary,0,0,0,24,0
STU1803,26,Male,Anambra,Urban,254,349,3,4.63,Declining,69.4,Partial,0,0,Middle,Tetiarary,0,3,0,13,1
STU1804,28,Male,Imo,Rural,564,265,5,3.17,Improving,57.3,Partial,0,0,High,Tetiarary,4,1,0,15,0
STU1805,27,Female,Ogun,Urban,121,331,8,4.32,Improving,53.0,Paid,0,0,High,No formal,2,2,0,13,0
STU1806,24,Male,Oyo,Rural,743,341,7,4.6,Stable,56.2,Paid,0,0,High,Secondary,3,3,1,13,0
STU1807,19,Male,Delta,Urban,878,208,5,2.38,Declining,84.0,Partial,0,0,Middle,Primary,3,0,0,13,0
STU1808,23,Male,Imo,Urban,549,148,6,1.34,Declining,87.6,Paid,0,0,High,Primary,3,1,0,12,0
STU1809,18,Male,Osun,Rural,48,141,4,1.02,Stable,56.3,Paid,0,1,Middle,Tetiarary,1,3,0,15,1
STU1810,22,Female,Benue,Rural,513,301,4,4.1,Stable,93.4,Paid,0,0,Middle,Primary,1,1,1,13,0
STU1811,18,Female,Osun,Urban,169,327,3,4.55,Declining,72.8,Paid,0,0,Middle,Secondary,3,0,1,20,0
STU1812,27,Male,Kano,Rural,372,369,7,5.0,Stable,82.2,Paid,0,0,High,Primary,4,1,1,20,0
STU1813,30,Female,Edo,Urban,861,328,8,4.77,Improving,100.0,Owing,1,0,Low,Secondary,1,3,0,22,0
STU1814,30,Male,Niger,Rural,296,298,8,3.95,Stable,93.5,Partial,0,0,Low,Tetiarary,1,1,0,22,0
STU1815,22,Female,Cross River,Rural,853,149,3,1.36,Declining,76.0,Partial,0,0,High,Secondary,0,2,0,18,1
STU1816,29,Female,Oyo,Rural,860,253,6,2.97,Declining,66.6,Paid,0,0,Middle,Tetiarary,0,2,0,17,0
STU1817,26,Female,Kaduna,Urban,803,215,5,2.4,Stable,47.7,Paid,0,1,Middle,Tetiarary,4,3,1,23,1
STU1818,25,Male,Cross River,Urban,880,303,5,3.83,Improving,69.2,Owing,0,0,Middle,No formal,1,1,0,14,1
STU1819,25,Male,Niger,Rural,741,224,7,2.96,Stable,76.8,Partial,1,0,High,Tetiarary,1,3,0,23,0
STU1820,26,Male,Benue,Urban,290,188,3,1.83,Declining,65.2,Paid,0,0,Low,Secondary,2,1,0,18,0
STU1821,26,Female,Kwara,Urban,208,209,3,2.4,Stable,78.0,Paid,0,0,Low,Primary,4,0,0,12,1
STU1822,21,Male,Abuja,Rural,688,316,6,4.26,Stable,81.2,Partial,0,0,High,Secondary,4,2,0,20,0
STU1823,17,Male,Kogi,Urban,528,270,5,3.46,Improving,76.6,Owing,0,0,Middle,Primary,2,0,0,15,1
STU1824,26,Female,Oyo,Urban,823,341,3,4.7,Declining,70.2,Paid,0,0,Middle,Tetiarary,2,1,0,17,0
STU1825,18,Male,Benue,Urban,125,272,8,3.5,Stable,82.5,Partial,0,0,High,No formal,0,0,0,17,0
STU1826,21,Male,Kogi,Urban,760,357,7,4.97,Improving,86.6,Partial,0,1,Middle,No formal,4,3,0,22,1
STU1827,29,Male,Kaduna,Urban,668,328,5,4.27,Declining,63.6,Owing,0,0,Low,Secondary,4,3,0,14,0
STU1828,19,Male,Enugu,Rural,668,352,6,4.89,Declining,100.0,Owing,0,0,Low,Secondary,2,1,0,15,0
STU1829,21,Male,Benue,Urban,192,229,7,2.75,Stable,78.5,Paid,0,0,Middle,Tetiarary,3,2,0,24,0
STU1830,16,Male,Osun,Urban,17,369,4,5.0,Stable,80.3,Partial,0,0,High,Secondary,3,3,0,22,0
STU1831,25,Male,Rivers,Rural,607,165,8,1.63,Stable,90.6,Partial,0,0,Low,Tetiarary,0,2,0,21,1
STU1832,27,Male,Anambra,Rural,204,211,6,2.43,Improving,83.5,Partial,0,1,Low,Tetiarary,3,1,0,14,0
STU1833,16,Female,Delta,Rural,590,144,7,1.27,Improving,94.3,Owing,0,1,High,Secondary,3,2,0,24,1
STU1834,18,Male,Abuja,Urban,772,154,3,1.74,Stable,84.3,Owing,1,0,Low,Tetiarary,3,1,0,17,1
STU1835,23,Female,Benue,Rural,460,262,4,3.32,Improving,70.8,Paid,0,0,Middle,Secondary,1,0,0,12,0
STU1836,23,Male,Niger,Urban,452,283,6,3.69,Declining,85.4,Paid,0,1,Low,No formal,0,1,0,19,0
STU1837,26,Male,Kaduna,Urban,792,140,3,1.3,Improving,62.8,Partial,1,0,Middle,Secondary,2,0,0,19,1
STU1838,19,Female,Rivers,Urban,844,283,8,3.69,Stable,81.6,Paid,0,0,Middle,No formal,3,1,0,20,0
STU1839,21,Male,Osun,Urban,845,304,4,4.15,Stable,79.5,Paid,0,0,Low,Tetiarary,1,3,1,17,0
STU1840,30,Male,Lagos,Urban,75,142,5,1.23,Stable,76.9,Paid,0,0,Middle,Primary,3,3,0,12,1
STU1841,23,Female,Kwara,Rural,594,319,3,4.61,Stable,78.1,Owing,1,0,High,Tetiarary,1,2,0,14,0
STU1842,22,Female,Kogi,Urban,800,186,7,1.8,Declining,51.8,Paid,0,0,High,Secondary,0,1,0,12,0
STU1843,26,Male,Oyo,Rural,134,234,6,2.83,Stable,71.8,Partial,0,0,Middle,Tetiarary,3,1,0,24,1
STU1844,22,Male,Anambra,Urban,893,152,4,1.41,Declining,81.4,Paid,0,0,Middle,Primary,1,1,0,16,1
STU1845,28,Female,Benue,Urban,47,259,3,3.57,Stable,82.4,Paid,1,0,Middle,Tetiarary,4,2,0,14,0
STU1846,19,Female,Rivers,Urban,524,347,5,4.6,Improving,64.6,Paid,0,0,Middle,Primary,4,3,0,13,1
STU1847,24,Male,Plateau,Rural,17,194,6,2.44,Stable,99.0,Paid,1,0,High,Tetiarary,1,1,0,14,0
STU1848,27,Male,Niger,Rural,729,288,6,3.67,Stable,67.0,Owing,0,0,High,Tetiarary,3,2,1,20,0
STU1849,25,Male,Kwara,Rural,627,205,3,2.33,Declining,94.5,Owing,0,0,Middle,Tetiarary,3,1,0,22,1
STU1850,21,Male,Niger,Rural,807,321,5,4.45,Declining,86.4,Partial,0,1,Low,No formal,0,0,1,19,1
STU1851,29,Male,Imo,Rural,539,294,8,3.88,Improving,70.3,Paid,0,0,Low,Primary,0,1,0,24,0
STU1852,27,Male,Edo,Rural,306,305,8,4.07,Improving,100.0,Partial,0,0,Middle,Tetiarary,2,0,0,14,0
STU1853,26,Male,Anambra,Rural,770,229,4,2.55,Stable,62.1,Paid,0,0,High,Primary,0,2,0,22,0
STU1854,18,Male,Niger,Urban,531,325,3,4.42,Declining,93.8,Paid,0,0,High,Primary,3,2,0,13,0
STU1855,20,Female,Anambra,Urban,646,201,4,2.36,Improving,95.0,Partial,0,0,Middle,Secondary,2,3,1,16,1
STU1856,20,Male,Enugu,Urban,577,241,8,2.86,Stable,69.9,Partial,0,0,Middle,Secondary,0,1,1,23,0
STU1857,29,Male,Kano,Urban,119,313,6,4.21,Stable,100.0,Paid,0,0,Low,Primary,1,2,0,23,0
STU1858,20,Male,Anambra,Urban,464,356,4,5.0,Stable,76.2,Paid,1,0,High,Secondary,4,3,1,24,0
STU1859,23,Female,Imo,Urban,836,278,5,3.7,Improving,84.3,Owing,0,0,High,Secondary,0,1,1,23,1
STU1860,24,Female,Oyo,Urban,509,339,7,4.66,Improving,83.9,Paid,0,1,Low,Primary,0,2,0,12,0
STU1861,28,Female,Benue,Urban,312,147,8,1.32,Stable,78.0,Owing,0,0,High,Secondary,1,0,0,15,1
STU1862,24,Male,Rivers,Rural,329,236,8,2.87,Improving,92.2,Owing,0,0,Middle,Secondary,3,2,0,19,0
STU1863,28,Female,Cross River,Urban,583,256,5,3.32,Improving,91.9,Partial,0,0,Middle,Tetiarary,1,0,1,12,0
STU1864,21,Male,Kano,Urban,765,338,4,4.44,Improving,53.8,Paid,0,0,High,Primary,0,3,0,16,1
STU1865,21,Male,Akwa Ibom,Rural,179,203,3,2.6,Stable,99.6,Partial,1,0,Middle,Tetiarary,3,3,0,23,0
STU1866,24,Female,Anambra,Urban,855,369,6,5.0,Stable,55.1,Paid,0,1,High,Secondary,2,1,1,15,0
STU1867,19,Female,Kwara,Urban,518,160,7,1.55,Stable,95.5,Paid,0,0,Low,Secondary,0,1,0,17,0
STU1868,21,Female,Edo,Urban,176,339,3,4.66,Stable,96.9,Partial,0,0,Middle,Primary,1,1,0,18,0
STU1869,19,Female,Osun,Urban,506,254,3,3.28,Improving,63.6,Paid,1,0,Middle,No formal,2,3,0,20,0
STU1870,26,Female,Edo,Urban,338,330,5,4.5,Stable,73.8,Paid,0,0,Middle,Tetiarary,4,0,0,12,0
STU1871,16,Male,Rivers,Urban,288,224,4,2.46,Improving,63.4,Partial,0,0,Middle,Secondary,2,1,0,22,1
STU1872,22,Male,Lagos,Urban,479,331,8,4.82,Stable,76.8,Partial,1,0,Middle,Tetiarary,1,1,0,21,0
STU1873,29,Male,Lagos,Rural,58,159,8,1.53,Improving,75.4,Paid,0,0,Middle,Tetiarary,2,3,0,15,1
STU1874,25,Female,Plateau,Urban,462,147,5,1.32,Declining,91.7,Paid,0,0,Middle,Secondary,1,0,0,17,0
STU1875,26,Male,Niger,Rural,583,197,4,2.19,Improving,99.7,Paid,0,0,High,Secondary,0,2,0,21,0
STU1876,27,Female,Niger,Urban,424,185,5,1.98,Declining,100.0,Paid,0,0,Middle,Secondary,3,1,0,18,0
STU1877,21,Male,Kano,Urban,618,170,8,1.72,Declining,71.6,Partial,0,0,High,Tetiarary,4,2,0,18,0
STU1878,24,Male,Osun,Rural,636,232,3,3.2,Stable,76.9,Partial,1,0,Low,Tetiarary,3,2,1,19,0
STU1879,22,Male,Delta,Urban,707,148,6,1.14,Declining,54.7,Partial,0,0,Middle,Tetiarary,3,1,0,21,0
STU1880,28,Male,Kogi,Rural,413,154,4,1.24,Improving,67.9,Paid,0,0,Low,Secondary,3,3,0,19,1
STU1881,22,Female,Anambra,Urban,308,233,7,2.82,Improving,94.5,Paid,0,0,Low,Tetiarary,1,1,0,19,0
STU1882,17,Male,Abuja,Rural,563,293,7,3.86,Stable,100.0,Paid,0,0,Middle,Tetiarary,1,0,0,19,0
STU1883,27,Male,Rivers,Urban,226,277,3,3.38,Improving,61.5,Paid,0,0,Low,Secondary,4,0,0,23,0
STU1884,26,Male,Lagos,Urban,537,168,5,1.69,Stable,71.1,Paid,0,0,Middle,Secondary,1,1,0,19,0
STU1885,30,Male,Benue,Rural,162,219,5,2.87,Stable,79.6,Paid,1,0,High,Secondary,1,2,0,17,0
STU1886,24,Male,Oyo,Rural,352,175,8,1.81,Improving,84.2,Paid,0,1,Low,No formal,1,0,0,20,0
STU1887,25,Male,Abuja,Urban,163,223,3,2.54,Stable,67.9,Partial,0,0,High,Tetiarary,1,0,1,14,0
STU1888,24,Female,Ogun,Rural,893,248,8,3.08,Improving,86.4,Partial,0,0,Low,Primary,0,1,0,17,0
STU1889,21,Male,Cross River,Urban,888,257,8,3.33,Stable,72.9,Partial,0,0,High,Secondary,4,1,1,16,0
STU1890,28,Male,Cross River,Urban,239,176,7,1.93,Declining,79.8,Paid,0,1,Middle,Secondary,1,3,1,19,1
STU1891,18,Female,Akwa Ibom,Urban,666,225,8,3.08,Stable,88.2,Owing,1,0,High,Secondary,4,1,1,15,0
STU1892,16,Male,Delta,Rural,409,210,8,2.42,Stable,80.1,Owing,0,0,Low,Secondary,2,1,0,15,1
STU1893,19,Male,Enugu,Rural,261,290,7,3.81,Stable,73.5,Paid,0,0,Middle,Tetiarary,0,0,0,24,0
STU1894,29,Male,Niger,Urban,681,308,5,4.22,Declining,78.4,Partial,0,0,Low,Secondary,1,0,1,21,0
STU1895,29,Male,Kano,Urban,593,232,4,2.8,Improving,78.7,Owing,0,1,Middle,Primary,0,0,0,22,0
STU1896,18,Female,Anambra,Rural,601,219,6,2.57,Declining,74.4,Partial,0,0,High,Tetiarary,0,2,0,21,0
STU1897,29,Male,Kano,Urban,562,241,8,2.96,Stable,76.1,Paid,0,0,High,Primary,2,0,0,24,0
STU1898,27,Female,Lagos,Urban,51,295,4,4.2,Stable,100.0,Partial,1,0,High,Primary,4,0,0,16,1
STU1899,16,Female,Niger,Urban,217,315,7,4.24,Declining,88.4,Partial,0,1,Middle,No formal,0,1,0,22,0
STU1900,18,Male,Ogun,Urban,483,305,4,4.07,Declining,75.6,Paid,0,0,High,No formal,3,3,0,24,0
STU1901,29,Male,Oyo,Urban,491,298,6,3.95,Stable,90.5,Owing,0,1,Middle,Secondary,2,0,0,24,0
STU1902,29,Male,Edo,Urban,575,153,4,1.43,Improving,75.0,Partial,0,0,Low,Secondary,3,3,0,17,0
STU1903,19,Male,Edo,Rural,570,256,4,3.22,Declining,97.6,Paid,0,0,High,Primary,2,0,0,22,1
STU1904,28,Female,Kwara,Rural,346,364,4,5.0,Stable,85.5,Partial,0,0,Middle,Tetiarary,3,0,0,15,0
STU1905,28,Female,Ogun,Urban,528,212,4,2.75,Stable,78.4,Partial,1,1,Low,Primary,3,3,0,13,1
STU1906,30,Male,Rivers,Urban,708,230,3,2.77,Improving,86.7,Paid,0,0,Low,Tetiarary,0,1,0,23,0
STU1907,29,Male,Delta,Urban,507,355,8,4.74,Stable,56.4,Paid,0,1,Middle,Secondary,0,0,0,23,0
STU1908,23,Male,Edo,Urban,10,344,7,4.55,Declining,63.1,Owing,0,0,Middle,No formal,2,3,0,13,0
STU1909,24,Female,Lagos,Rural,825,229,6,2.55,Stable,62.1,Partial,0,0,Middle,Tetiarary,4,0,0,23,1
STU1910,18,Female,Oyo,Rural,148,168,7,1.69,Declining,82.1,Paid,0,0,High,Secondary,0,2,0,14,0
STU1911,21,Female,Oyo,Rural,862,318,3,4.6,Improving,100.0,Paid,1,0,High,Secondary,0,2,0,13,0
STU1912,25,Male,Kogi,Rural,265,188,3,2.03,Improving,100.0,Partial,0,0,High,Secondary,1,2,0,12,0
STU1913,26,Female,Delta,Urban,589,310,3,4.16,Stable,89.6,Partial,0,0,Middle,Tetiarary,0,2,0,19,1
STU1914,30,Male,Anambra,Urban,690,359,8,5.0,Declining,87.5,Paid,0,0,High,Secondary,4,1,0,23,0
STU1915,20,Male,Kogi,Rural,236,359,3,4.81,Declining,53.0,Partial,0,0,High,Primary,1,2,0,16,1
STU1916,21,Male,Akwa Ibom,Rural,274,211,4,2.53,Declining,71.9,Paid,0,1,Middle,Primary,3,3,1,21,0
STU1917,19,Male,Plateau,Urban,451,354,7,4.72,Improving,68.2,Paid,0,0,Middle,Tetiarary,3,0,0,12,0
STU1918,25,Female,Rivers,Urban,878,360,5,5.0,Declining,70.7,Partial,1,0,Middle,Primary,1,3,0,24,0
STU1919,21,Female,Plateau,Rural,226,272,6,3.5,Declining,77.5,Paid,0,0,Low,Primary,1,2,0,20,0
STU1920,22,Male,Ogun,Urban,56,181,3,1.91,Improving,72.9,Owing,0,0,Middle,Secondary,1,1,0,19,1
STU1921,24,Female,Akwa Ibom,Rural,120,274,7,3.33,Stable,50.3,Paid,0,0,Middle,Tetiarary,2,2,0,15,0
STU1922,25,Male,Niger,Rural,542,181,3,1.91,Stable,91.2,Partial,0,0,Low,Secondary,4,2,0,19,1
STU1923,22,Female,Oyo,Urban,569,303,8,3.83,Stable,63.9,Paid,0,0,Low,Secondary,4,1,0,24,0
STU1924,21,Female,Akwa Ibom,Rural,881,244,3,3.01,Declining,83.6,Paid,0,1,Middle,Tetiarary,3,1,0,23,0
STU1925,16,Male,Anambra,Rural,545,166,3,1.75,Improving,100.0,Partial,0,0,High,Primary,3,1,1,24,0
STU1926,17,Female,Lagos,Rural,23,197,3,2.09,Stable,66.2,Partial,0,0,High,Tetiarary,3,1,1,21,0
STU1927,16,Male,Kogi,Urban,819,185,3,1.78,Improving,42.0,Partial,0,1,Middle,Tetiarary,0,1,0,18,0
STU1928,24,Male,Cross River,Urban,396,205,6,2.33,Stable,75.7,Partial,0,1,Middle,Tetiarary,3,1,0,22,0
STU1929,25,Female,Abuja,Urban,795,164,7,1.62,Declining,96.5,Partial,0,0,Middle,No formal,1,0,0,22,1
STU1930,25,Female,Kogi,Urban,633,212,8,2.45,Improving,100.0,Partial,0,0,Low,Secondary,3,2,0,18,1
STU1931,24,Female,Edo,Urban,622,256,3,3.12,Stable,61.6,Partial,0,0,Low,Primary,1,2,1,12,0
STU1932,22,Female,Akwa Ibom,Urban,423,294,3,3.88,Declining,87.5,Partial,0,0,High,Tetiarary,2,1,0,17,1
STU1933,28,Male,Abuja,Rural,313,268,3,3.43,Declining,73.0,Partial,0,1,Middle,Tetiarary,0,3,0,24,1
STU1934,17,Male,Enugu,Urban,743,226,3,2.8,Stable,78.4,Owing,0,0,High,Primary,0,1,1,15,1
STU1935,21,Female,Kaduna,Urban,868,213,4,2.57,Improving,100.0,Paid,0,0,High,Tetiarary,4,0,1,21,0
STU1936,26,Male,Enugu,Urban,190,309,4,4.34,Stable,57.5,Partial,1,0,Low,Tetiarary,2,3,1,21,0
STU1937,19,Female,Enugu,Rural,265,319,5,4.71,Declining,83.8,Paid,1,0,Middle,Primary,1,0,1,21,0
STU1938,16,Male,Delta,Rural,532,292,3,3.84,Declining,87.0,Paid,0,0,Middle,Primary,2,3,0,22,0
STU1939,16,Female,Anambra,Urban,277,321,5,4.65,Improving,96.3,Paid,1,0,Middle,No formal,0,3,0,23,0
STU1940,27,Male,Delta,Rural,164,264,6,3.36,Stable,81.5,Owing,0,0,Middle,Secondary,1,1,0,13,0
STU1941,20,Female,Kwara,Urban,874,206,5,2.35,Improving,84.6,Partial,0,0,High,Tetiarary,2,0,0,21,0
STU1942,27,Female,Akwa Ibom,Urban,766,145,7,1.29,Improving,74.1,Partial,0,0,High,Tetiarary,0,3,0,18,0
STU1943,17,Female,Enugu,Rural,228,264,4,3.36,Stable,84.0,Paid,0,0,High,Primary,1,0,0,20,0
STU1944,19,Male,Rivers,Rural,260,197,4,2.19,Improving,74.9,Partial,0,0,Low,Primary,1,1,0,24,1
STU1945,16,Female,Kaduna,Urban,184,209,3,2.5,Improving,89.3,Owing,0,0,Low,Secondary,0,1,1,16,0
STU1946,19,Female,Akwa Ibom,Rural,24,192,3,2.2,Declining,74.5,Paid,0,1,Low,Tetiarary,1,1,1,19,0
STU1947,26,Female,Niger,Rural,628,205,6,2.33,Stable,85.7,Paid,0,0,Middle,Tetiarary,0,1,0,16,0
STU1948,21,Female,Oyo,Urban,636,197,8,2.19,Declining,79.6,Paid,0,0,Middle,Secondary,3,2,0,18,0
STU1949,25,Male,Akwa Ibom,Urban,710,221,6,2.61,Stable,96.9,Partial,0,0,Middle,Secondary,3,3,0,18,0
STU1950,19,Male,Imo,Urban,472,226,7,2.8,Declining,79.2,Partial,0,0,Middle,No formal,1,2,1,20,1
STU1951,16,Male,Anambra,Urban,627,141,3,1.02,Stable,53.4,Partial,0,1,High,Secondary,1,1,0,14,0
STU1952,22,Male,Lagos,Urban,214,343,3,5.0,Stable,98.9,Partial,1,0,High,Tetiarary,0,3,0,12,0
STU1953,29,Female,Plateau,Rural,517,289,6,3.69,Stable,66.4,Paid,0,0,Low,No formal,1,3,1,13,1
STU1954,17,Male,Kano,Urban,62,176,6,1.83,Improving,70.2,Partial,0,0,High,Secondary,4,0,0,23,0
STU1955,24,Male,Plateau,Rural,97,287,6,3.76,Declining,71.1,Paid,0,1,Middle,Secondary,3,1,0,17,0
STU1956,28,Male,Osun,Urban,225,242,4,3.27,Stable,100.0,Paid,1,0,Middle,Secondary,1,2,0,21,0
STU1957,18,Male,Lagos,Urban,727,163,5,1.4,Improving,48.0,Partial,0,0,High,Secondary,1,0,0,21,0
STU1958,23,Male,Anambra,Urban,236,251,5,3.13,Stable,100.0,Owing,0,0,Low,Secondary,2,3,0,23,0
STU1959,28,Male,Kaduna,Urban,778,351,3,4.87,Declining,95.8,Partial,0,1,High,Tetiarary,1,2,0,24,0
STU1960,23,Male,Delta,Urban,368,204,4,2.31,Improving,83.3,Partial,0,0,High,Secondary,4,1,0,20,0
STU1961,18,Male,Akwa Ibom,Rural,619,332,6,4.54,Improving,79.2,Paid,0,0,High,Secondary,3,2,0,14,0
STU1962,19,Female,Kwara,Rural,566,348,3,4.92,Declining,84.3,Paid,0,0,High,No formal,2,2,1,21,0
STU1963,17,Male,Anambra,Urban,378,268,4,3.43,Improving,87.8,Paid,0,1,Middle,Tetiarary,0,2,0,13,0
STU1964,19,Male,Anambra,Rural,626,256,7,3.22,Improving,89.7,Owing,0,0,Low,Secondary,0,0,0,22,0
STU1965,26,Female,Enugu,Urban,460,255,8,3.3,Stable,88.3,Owing,0,1,Low,Tetiarary,3,3,1,12,0
STU1966,26,Female,Kano,Urban,92,361,4,5.0,Stable,81.3,Owing,0,0,Middle,Secondary,0,2,1,13,0
STU1967,26,Female,Abuja,Urban,24,244,3,3.01,Stable,77.0,Paid,0,0,Low,No formal,4,3,0,14,1
STU1968,29,Female,Osun,Rural,18,142,5,1.33,Stable,77.7,Partial,0,0,High,Primary,1,0,1,18,0
STU1969,24,Male,Anambra,Urban,137,185,6,2.28,Declining,77.1,Partial,1,0,Middle,Tetiarary,3,1,0,13,0
STU1970,17,Female,Enugu,Urban,812,194,8,2.24,Declining,97.0,Partial,0,0,High,Secondary,2,1,1,24,0
STU1971,27,Male,Rivers,Urban,38,214,7,2.59,Declining,88.9,Partial,0,0,High,Primary,1,2,1,16,0
STU1972,27,Male,Oyo,Rural,896,355,8,4.74,Stable,35.9,Partial,0,0,Low,Primary,0,0,0,13,0
STU1973,28,Female,Ogun,Rural,212,353,8,4.9,Improving,89.8,Paid,0,0,Middle,Secondary,0,1,0,18,0
STU1974,18,Male,Delta,Rural,817,331,4,4.52,Declining,82.9,Paid,0,0,Middle,No formal,2,0,0,21,1
STU1975,30,Female,Ogun,Rural,203,184,3,1.97,Improving,79.7,Paid,0,0,Middle,Secondary,4,0,0,19,0
STU1976,26,Female,Delta,Urban,596,293,3,3.96,Declining,74.2,Paid,0,0,Middle,Primary,2,2,1,19,0
STU1977,26,Male,Edo,Rural,587,216,8,2.52,Improving,96.9,Paid,0,0,Low,Secondary,3,2,0,24,1
STU1978,30,Female,Kwara,Rural,159,332,6,4.64,Declining,94.2,Paid,0,0,High,Primary,2,0,1,19,0
STU1979,19,Male,Abuja,Urban,594,163,3,1.7,Declining,68.4,Paid,1,0,Middle,Secondary,0,0,0,21,0
STU1980,20,Male,Kogi,Urban,82,341,8,4.7,Stable,86.1,Partial,0,0,High,Secondary,4,2,0,20,0
STU1981,16,Female,Edo,Urban,176,174,3,1.59,Improving,65.4,Owing,0,0,High,No formal,4,0,0,12,0
STU1982,22,Male,Ogun,Urban,293,163,6,1.4,Improving,59.3,Owing,0,0,Low,Secondary,2,2,0,23,0
STU1983,29,Female,Oyo,Rural,549,167,7,1.67,Stable,70.6,Paid,0,1,Low,Secondary,3,3,0,12,0
STU1984,25,Male,Enugu,Urban,816,367,8,5.0,Improving,92.9,Paid,0,0,High,Primary,0,0,0,21,0
STU1985,22,Male,Cross River,Urban,792,347,5,5.0,Stable,94.3,Paid,1,0,High,Tetiarary,1,2,0,13,1
STU1986,24,Female,Cross River,Rural,883,155,5,1.46,Stable,87.7,Owing,0,0,Middle,Secondary,4,0,0,22,1
STU1987,19,Female,Cross River,Urban,424,198,8,2.31,Stable,90.9,Partial,0,0,Middle,Tetiarary,2,2,1,17,0
STU1988,29,Male,Kano,Urban,11,348,4,4.82,Stable,87.7,Paid,0,0,Low,Primary,3,0,0,12,0
STU1989,29,Male,Ogun,Rural,164,321,7,4.35,Stable,70.4,Owing,0,0,Middle,Secondary,3,1,0,16,1
STU1990,21,Female,Kwara,Urban,244,346,4,5.0,Improving,86.5,Paid,1,0,Middle,Primary,0,1,1,16,0
STU1991,26,Male,Enugu,Rural,427,283,5,3.99,Declining,92.0,Owing,1,0,Middle,Secondary,4,0,0,15,0
STU1992,17,Female,Ogun,Urban,540,154,6,1.44,Declining,91.3,Paid,0,0,High,Secondary,0,1,0,22,0
STU1993,27,Male,Osun,Urban,730,365,8,5.0,Stable,97.8,Paid,0,0,Middle,Secondary,1,0,1,16,0
STU1994,27,Female,Kaduna,Urban,74,150,3,1.37,Improving,90.6,Partial,0,0,Low,Tetiarary,1,0,0,23,0
STU1995,29,Female,Oyo,Urban,884,332,5,4.54,Declining,85.3,Owing,0,0,Middle,No formal,1,3,0,12,1
STU1996,19,Male,Osun,Rural,220,218,7,2.56,Improving,96.1,Owing,0,0,High,Tetiarary,3,3,0,22,0
STU1997,17,Female,Akwa Ibom,Rural,108,357,5,4.97,Improving,79.6,Partial,0,0,Middle,Primary,4,1,0,22,0
STU1998,25,Female,Rivers,Rural,731,254,7,2.98,Stable,66.8,Paid,0,0,High,Tetiarary,0,3,0,17,0
STU1999,20,Female,Lagos,Urban,58,207,7,2.47,Improving,77.6,Paid,0,0,Middle,Secondary,0,3,1,18,1
STU2000,30,Male,Kaduna,Rural,810,182,8,1.83,Improving,68.8,Owing,0,0,Middle,Tetiarary,1,0,1,19,0
STU2001,22,Female,Niger,Rural,334,208,7,2.48,Declining,69.9,Partial,1,0,Low,No formal,4,2,0,13,1
STU2002,28,Female,Ogun,Urban,852,366,4,5.0,Stable,77.8,Partial,0,0,High,Secondary,4,0,0,18,0
STU2003,16,Female,Rivers,Rural,207,280,6,3.73,Declining,68.1,Paid,1,0,Middle,Secondary,2,3,0,17,0
STU2004,30,Female,Ogun,Urban,292,277,5,3.58,Improving,75.4,Partial,0,0,Middle,Tetiarary,4,0,0,20,0
STU2005,25,Male,Rivers,Urban,49,214,6,2.29,Declining,51.6,Paid,0,0,High,Tetiarary,4,1,0,19,0
STU2006,25,Female,Kano,Rural,833,349,3,4.93,Stable,83.2,Partial,0,0,High,Primary,0,2,1,22,0
STU2007,22,Male,Anambra,Rural,202,365,5,5.0,Improving,80.0,Owing,1,0,Low,Tetiarary,4,3,0,15,1
STU2008,25,Male,Niger,Urban,220,242,6,2.77,Declining,67.7,Partial,0,0,High,Secondary,4,3,0,24,1
STU2009,28,Male,Anambra,Urban,485,180,6,1.9,Declining,89.9,Partial,0,0,Middle,Primary,0,0,0,20,0
STU2010,21,Male,Cross River,Rural,313,317,8,4.58,Improving,94.1,Paid,1,0,Middle,Primary,4,0,0,12,1
STU2011,21,Male,Plateau,Rural,439,354,8,4.72,Declining,55.9,Paid,0,1,Middle,Tetiarary,0,0,0,22,1
STU2012,27,Male,Rivers,Urban,336,338,3,4.44,Stable,68.6,Owing,0,0,Middle,Secondary,2,0,0,17,0
STU2013,23,Male,Enugu,Urban,700,198,7,2.01,Declining,68.5,Paid,0,0,Low,Primary,3,3,0,19,1
STU2014,23,Female,Enugu,Urban,31,178,5,1.96,Declining,65.9,Owing,1,0,Middle,Primary,0,0,0,22,1
STU2015,21,Male,Imo,Rural,170,142,8,1.33,Improving,92.4,Partial,0,1,Middle,Secondary,0,3,1,22,0
STU2016,18,Male,Rivers,Urban,322,343,5,4.73,Improving,77.1,Partial,0,0,Middle,Secondary,4,0,0,15,0
STU2017,20,Male,Delta,Urban,278,146,3,1.3,Stable,76.0,Owing,0,1,Low,Secondary,0,2,0,13,0
STU2018,17,Male,Edo,Urban,387,188,8,1.83,Declining,49.9,Partial,0,0,Low,Secondary,1,2,0,22,1
STU2019,30,Male,Kaduna,Rural,369,165,8,1.73,Stable,89.5,Owing,0,0,Low,Primary,1,0,1,13,1
STU2020,29,Female,Osun,Rural,107,300,7,3.78,Stable,61.4,Paid,0,0,Middle,Secondary,2,0,0,21,0
STU2021,20,Female,Enugu,Rural,507,240,5,3.24,Improving,80.9,Partial,1,0,High,No formal,0,1,0,12,0
STU2022,29,Female,Lagos,Urban,849,315,5,4.24,Declining,84.2,Partial,0,0,Low,Tetiarary,4,2,0,16,0
STU2023,24,Female,Akwa Ibom,Urban,377,218,5,2.56,Stable,100.0,Paid,0,0,Middle,Primary,4,3,0,24,0
STU2024,25,Male,Kwara,Rural,620,141,7,1.42,Declining,60.4,Partial,1,0,Middle,Tetiarary,3,2,1,17,0
STU2025,16,Male,Plateau,Rural,249,266,8,3.19,Declining,34.7,Partial,0,1,High,Secondary,2,3,0,15,1
STU2026,25,Male,Lagos,Rural,821,338,3,4.64,Improving,82.8,Owing,0,0,Low,Secondary,4,0,0,15,1
STU2027,20,Female,Plateau,Rural,173,299,5,4.27,Stable,100.0,Paid,1,1,Low,Secondary,3,2,0,16,0
STU2028,27,Male,Plateau,Rural,632,271,6,3.48,Declining,98.6,Partial,0,1,Low,Tetiarary,4,2,0,16,1
STU2029,21,Female,Edo,Rural,657,159,7,1.53,Improving,83.1,Paid,0,0,High,Tetiarary,3,1,0,20,1
STU2030,29,Male,Lagos,Rural,422,256,4,3.22,Declining,72.6,Partial,0,0,Middle,Secondary,1,1,0,19,0
STU2031,26,Male,Kano,Rural,360,303,3,4.03,Declining,92.1,Partial,0,0,Low,Primary,1,2,0,20,0
STU2032,22,Female,Kwara,Urban,482,171,6,1.54,Stable,65.4,Partial,0,0,Middle,Tetiarary,4,2,0,24,1
STU2033,24,Female,Kaduna,Urban,129,167,5,1.97,Improving,87.1,Paid,1,0,Low,Primary,2,2,0,14,0
STU2034,21,Female,Oyo,Rural,541,216,4,2.82,Improving,87.6,Paid,1,0,Low,Tetiarary,0,3,0,14,0
STU2035,20,Female,Lagos,Urban,710,140,3,1.2,Stable,95.9,Paid,0,0,High,No formal,2,0,0,12,0
STU2036,27,Female,Lagos,Rural,616,327,7,4.45,Improving,100.0,Paid,0,0,Middle,Tetiarary,2,1,0,21,0
STU2037,22,Female,Plateau,Urban,406,195,4,2.46,Stable,85.9,Partial,1,0,Middle,Secondary,0,0,0,24,0
STU2038,28,Female,Anambra,Urban,521,174,8,1.79,Stable,72.4,Owing,0,1,Middle,Primary,1,1,0,17,0
STU2039,16,Male,Benue,Urban,535,251,4,3.13,Stable,79.6,Paid,0,0,Middle,Tetiarary,1,1,0,15,0
STU2040,26,Female,Osun,Urban,686,169,6,1.6,Stable,53.5,Paid,0,0,Middle,Secondary,0,1,1,22,0
STU2041,29,Female,Ogun,Urban,790,193,3,1.92,Declining,69.6,Partial,0,1,Middle,Primary,3,2,0,19,0
STU2042,20,Male,Kogi,Urban,258,175,6,1.81,Stable,73.9,Partial,0,0,High,Secondary,2,1,0,13,0
STU2043,30,Female,Kwara,Rural,125,322,6,4.37,Stable,72.1,Paid,0,0,Low,Secondary,4,0,0,22,0
STU2044,17,Female,Kogi,Urban,36,356,5,4.96,Declining,82.3,Paid,0,0,Middle,No formal,1,1,0,13,0
STU2045,19,Male,Rivers,Urban,665,219,7,2.37,Stable,67.7,Paid,0,1,High,Tetiarary,4,0,0,18,0
STU2046,22,Male,Rivers,Urban,782,197,4,2.19,Declining,96.8,Paid,0,0,Low,Tetiarary,0,1,0,24,0
STU2047,20,Male,Kano,Rural,41,222,3,2.63,Improving,80.0,Paid,0,0,High,Primary,4,1,0,16,1
STU2048,27,Female,Enugu,Rural,693,204,8,2.31,Declining,79.9,Paid,0,1,Low,Tetiarary,4,2,0,24,0
STU2049,21,Female,Oyo,Rural,346,208,7,2.38,Stable,75.1,Partial,0,0,Middle,Secondary,2,0,0,12,1
STU2050,17,Male,Benue,Urban,17,267,7,3.71,Declining,82.3,Partial,1,0,Middle,Secondary,0,1,0,18,0
STU2051,18,Male,Delta,Urban,187,190,3,2.07,Declining,92.4,Paid,0,0,Middle,Secondary,4,1,0,18,0
STU2052,22,Male,Kano,Rural,661,161,7,1.37,Stable,67.0,Partial,0,0,Low,Tetiarary,1,0,0,21,0
STU2053,26,Female,Delta,Rural,269,355,5,4.94,Stable,70.1,Partial,0,1,High,Tetiarary,0,1,0,17,0
STU2054,17,Male,Kwara,Urban,92,246,7,3.04,Declining,75.4,Owing,0,0,High,Secondary,1,3,0,15,0
STU2055,27,Male,Kano,Urban,466,248,5,2.88,Improving,59.8,Paid,0,0,Low,Primary,3,2,0,23,0
STU2056,21,Female,Niger,Urban,50,255,4,3.3,Declining,67.7,Partial,1,0,High,Secondary,4,0,0,24,0
STU2057,20,Male,Cross River,Urban,396,240,4,2.94,Improving,72.9,Partial,0,0,Middle,Secondary,0,2,0,19,0
STU2058,25,Male,Kwara,Rural,123,320,6,4.33,Declining,93.1,Paid,0,0,High,Primary,1,3,0,23,0
STU2059,16,Male,Akwa Ibom,Urban,535,239,5,2.92,Stable,83.9,Owing,0,0,Low,Secondary,4,3,0,22,1
STU2060,27,Male,Rivers,Urban,451,303,8,4.03,Stable,82.9,Partial,0,0,High,Tetiarary,2,3,0,13,0
STU2061,26,Male,Imo,Urban,736,207,4,2.37,Improving,92.8,Partial,0,0,Low,Tetiarary,1,0,0,13,0
STU2062,30,Female,Akwa Ibom,Rural,749,175,7,1.81,Stable,77.9,Paid,0,0,High,Secondary,1,3,0,13,1
STU2063,25,Female,Anambra,Rural,610,319,3,4.31,Stable,85.9,Paid,0,1,High,Primary,3,0,0,14,0
STU2064,26,Female,Delta,Rural,767,320,3,4.33,Stable,78.5,Partial,0,0,Middle,Tetiarary,2,0,0,17,0
STU2065,19,Female,Kogi,Urban,766,349,5,4.83,Improving,84.0,Paid,0,0,Low,Tetiarary,3,1,0,12,0
STU2066,26,Male,Ogun,Rural,798,317,8,4.58,Declining,71.3,Partial,1,0,High,Secondary,2,0,0,22,0
STU2067,17,Male,Enugu,Urban,748,347,6,4.6,Improving,43.4,Paid,0,0,Middle,No formal,1,3,0,13,0
STU2068,19,Male,Kaduna,Urban,50,308,7,4.12,Declining,78.0,Partial,0,0,Middle,Tetiarary,3,0,0,21,0
STU2069,16,Female,Enugu,Urban,890,285,5,3.72,Stable,100.0,Partial,0,1,Middle,Tetiarary,4,0,0,13,0
STU2070,17,Female,Benue,Urban,512,161,3,1.57,Stable,93.9,Paid,0,0,High,No formal,2,2,0,23,0
STU2071,28,Male,Cross River,Urban,562,205,5,2.33,Improving,94.5,Partial,0,0,Middle,Secondary,1,3,0,12,0
STU2072,23,Male,Kogi,Rural,530,160,7,1.55,Stable,98.5,Paid,0,1,Low,Secondary,0,0,0,14,0
STU2073,21,Male,Kwara,Urban,601,239,8,2.92,Stable,81.3,Paid,0,0,High,Secondary,2,1,0,21,0
STU2074,17,Male,Ogun,Urban,835,267,8,3.71,Improving,83.0,Paid,1,0,Middle,Tetiarary,2,0,0,18,0
STU2075,27,Female,Akwa Ibom,Urban,844,183,4,1.95,Improving,70.7,Paid,0,0,Middle,Secondary,4,0,0,24,0
STU2076,30,Male,Kaduna,Urban,7,242,7,2.97,Improving,75.3,Paid,0,0,Low,Tetiarary,2,2,0,12,1
STU2077,21,Female,Oyo,Urban,32,186,4,2.1,Improving,89.2,Owing,0,1,High,Secondary,2,3,1,18,0
STU2078,25,Male,Edo,Urban,385,178,4,1.86,Improving,98.1,Paid,0,1,Low,Primary,4,3,0,16,0
STU2079,24,Female,Rivers,Urban,161,168,4,1.69,Improving,77.9,Paid,0,0,Middle,Tetiarary,4,1,0,20,0
STU2080,22,Female,Lagos,Urban,859,193,5,2.12,Stable,73.2,Paid,0,0,High,Tetiarary,3,1,0,13,0
STU2081,24,Female,Rivers,Urban,515,229,3,3.05,Stable,80.0,Paid,1,0,Low,Tetiarary,1,1,0,12,1
STU2082,20,Male,Kano,Urban,337,224,8,2.96,Stable,89.0,Partial,1,0,High,Secondary,1,0,0,20,0
STU2083,22,Male,Rivers,Urban,848,156,5,1.28,Improving,58.3,Paid,0,0,Middle,No formal,3,0,0,19,0
STU2084,26,Male,Lagos,Urban,691,219,3,2.47,Stable,45.6,Partial,0,0,High,Tetiarary,1,1,1,21,0
STU2085,30,Male,Kwara,Urban,118,327,8,4.45,Stable,71.7,Paid,0,0,Middle,Tetiarary,2,3,0,17,0
STU2086,29,Female,Ogun,Rural,393,298,7,3.75,Stable,61.7,Owing,0,0,High,Tetiarary,3,3,0,16,0
STU2087,22,Female,Abuja,Urban,491,212,8,2.45,Declining,72.4,Paid,0,1,Middle,Primary,3,1,0,19,0
STU2088,27,Male,Delta,Urban,847,362,8,5.0,Stable,77.8,Partial,0,0,Low,Secondary,1,2,0,19,0
STU2089,27,Male,Kaduna,Rural,254,345,8,4.77,Stable,73.2,Partial,0,0,High,Primary,0,3,0,16,0
STU2090,18,Male,Ogun,Rural,575,188,6,2.03,Stable,100.0,Paid,0,0,Low,Tetiarary,1,3,0,23,1
STU2091,22,Female,Abuja,Rural,719,240,7,3.04,Stable,84.9,Partial,0,0,High,Tetiarary,0,1,1,18,0
STU2092,16,Female,Lagos,Rural,319,141,5,1.22,Declining,84.5,Partial,0,1,Low,Secondary,3,3,0,24,0
STU2093,24,Male,Akwa Ibom,Urban,243,315,5,4.34,Declining,89.3,Paid,0,0,Middle,Primary,0,0,1,24,1
STU2094,25,Male,Kaduna,Urban,238,281,3,3.45,Stable,62.9,Partial,0,0,High,Primary,2,0,0,12,0
STU2095,28,Female,Akwa Ibom,Rural,307,198,5,2.31,Declining,95.6,Owing,0,0,Low,Secondary,4,3,1,15,1
STU2096,21,Female,Kogi,Rural,611,236,4,2.87,Stable,78.9,Partial,0,0,High,Secondary,0,0,0,13,0
STU2097,20,Male,Anambra,Rural,657,238,8,2.9,Stable,90.1,Owing,0,0,Middle,Tetiarary,4,2,0,21,0
STU2098,22,Female,Kwara,Rural,338,325,5,4.32,Improving,63.9,Paid,0,1,Middle,Secondary,2,3,1,14,0
STU2099,20,Female,Benue,Urban,117,242,3,2.77,Stable,56.7,Partial,0,1,High,Secondary,4,1,0,23,0
STU2100,25,Female,Delta,Urban,625,325,3,4.42,Declining,92.3,Owing,0,0,Middle,No formal,2,0,0,12,0
STU2101,20,Female,Rivers,Rural,366,318,4,4.3,Declining,85.6,Paid,0,0,Middle,Tetiarary,4,2,0,22,0
STU2102,26,Male,Kaduna,Rural,861,351,3,4.67,Stable,66.5,Owing,0,0,High,Secondary,4,2,0,22,0
STU2103,25,Female,Cross River,Rural,805,141,6,1.02,Stable,67.0,Paid,0,0,Middle,Tetiarary,1,0,0,13,0
STU2104,26,Male,Benue,Rural,101,180,8,1.9,Stable,96.9,Owing,0,0,Low,Tetiarary,0,2,0,24,1
STU2105,22,Male,Abuja,Urban,851,350,8,4.65,Declining,62.2,Paid,0,0,High,Secondary,4,3,0,12,0
STU2106,25,Male,Akwa Ibom,Urban,20,262,8,3.32,Stable,100.0,Paid,0,0,High,Secondary,3,2,0,19,0
STU2107,30,Male,Kwara,Rural,560,368,7,4.97,Stable,66.5,Owing,0,0,Middle,Tetiarary,1,0,0,15,1
STU2108,22,Male,Delta,Urban,380,221,5,2.71,Stable,89.6,Paid,0,0,Middle,No formal,0,2,1,14,0
STU2109,28,Male,Benue,Urban,746,283,6,3.69,Declining,75.1,Paid,0,0,High,Secondary,1,0,0,12,0
STU2110,26,Female,Oyo,Urban,394,271,5,3.78,Declining,89.0,Paid,1,0,Middle,Tetiarary,0,0,0,13,0
STU2111,30,Female,Kaduna,Urban,624,279,6,3.62,Improving,71.8,Partial,0,0,Middle,Tetiarary,2,2,0,14,1
STU2112,18,Male,Lagos,Urban,221,168,5,1.69,Improving,77.6,Owing,0,0,High,Secondary,4,0,0,14,0
STU2113,18,Male,Oyo,Rural,403,274,4,3.53,Declining,80.6,Paid,0,0,Low,Primary,3,0,0,17,1
STU2114,25,Female,Enugu,Urban,264,153,3,1.33,Declining,65.0,Partial,0,0,Middle,Tetiarary,1,1,1,21,1
STU2115,27,Male,Ogun,Urban,828,151,3,1.39,Stable,91.1,Paid,0,0,High,Primary,1,3,0,19,0
STU2116,28,Female,Benue,Rural,324,238,4,2.9,Stable,72.3,Partial,0,0,High,Primary,1,0,0,17,0
STU2117,30,Male,Anambra,Urban,200,272,6,3.6,Declining,76.6,Paid,0,0,High,Primary,1,3,1,13,1
STU2118,18,Female,Niger,Rural,482,220,7,2.39,Declining,65.1,Paid,0,1,Middle,Primary,4,1,0,13,0
STU2119,21,Male,Abuja,Urban,422,245,6,2.83,Declining,41.6,Paid,0,0,Middle,Tetiarary,0,1,0,18,0
STU2120,27,Female,Plateau,Rural,479,171,3,1.84,Improving,77.1,Partial,0,0,High,Tetiarary,4,1,1,12,0
STU2121,30,Female,Imo,Urban,611,213,7,2.47,Declining,100.0,Owing,0,0,Middle,Tetiarary,2,1,0,12,0
STU2122,21,Female,Anambra,Urban,572,310,5,4.16,Improving,91.8,Partial,0,0,High,Tetiarary,4,3,0,18,1
STU2123,28,Female,Abuja,Rural,548,220,7,2.59,Declining,79.7,Paid,0,0,Low,Primary,4,2,0,20,0
STU2124,28,Male,Plateau,Rural,235,208,6,2.68,Improving,76.1,Partial,1,1,High,No formal,2,2,0,16,0
STU2125,18,Female,Enugu,Urban,888,184,4,1.97,Stable,80.3,Partial,0,0,Middle,Secondary,4,3,0,22,0
STU2126,18,Male,Oyo,Rural,525,245,5,3.43,Stable,88.2,Paid,1,0,Middle,Secondary,0,0,1,12,0
STU2127,23,Female,Kano,Urban,707,276,6,3.77,Declining,62.3,Paid,1,0,Middle,Secondary,3,3,1,16,0
STU2128,23,Male,Benue,Rural,877,316,5,4.26,Stable,96.7,Paid,0,0,High,No formal,2,0,0,22,0
STU2129,22,Female,Benue,Urban,204,300,7,4.08,Improving,90.7,Partial,0,0,Low,Secondary,1,0,1,12,0
STU2130,25,Female,Edo,Urban,850,367,3,5.0,Declining,90.8,Partial,0,0,Middle,Secondary,0,2,0,21,0
STU2131,19,Male,Kano,Urban,677,239,6,3.02,Stable,86.6,Partial,0,0,Middle,Secondary,3,1,1,23,0
STU2132,30,Male,Delta,Urban,603,285,4,3.72,Stable,80.3,Paid,0,0,Low,Primary,0,2,0,20,0
STU2133,19,Male,Kano,Urban,25,148,7,1.44,Declining,90.1,Paid,0,0,High,Secondary,0,2,1,15,0
STU2134,18,Female,Kogi,Urban,315,201,6,2.26,Stable,88.9,Owing,0,0,Middle,Secondary,1,3,0,20,1
STU2135,20,Male,Benue,Urban,592,324,4,4.7,Declining,74.7,Paid,1,0,Middle,Secondary,3,3,0,13,0
STU2136,18,Female,Osun,Urban,657,168,6,1.69,Stable,71.4,Owing,0,0,Middle,Tetiarary,0,0,0,18,0
STU2137,28,Female,Abuja,Urban,642,264,7,3.36,Declining,81.5,Partial,0,0,High,Tetiarary,1,3,0,23,0
STU2138,23,Female,Kaduna,Rural,767,253,6,3.17,Declining,100.0,Paid,0,0,High,Secondary,2,0,0,24,0
STU2139,22,Female,Imo,Urban,600,345,5,4.57,Stable,61.4,Partial,0,0,Low,Tetiarary,1,0,0,13,0
STU2140,28,Male,Imo,Rural,438,292,7,3.64,Declining,58.0,Owing,0,0,Middle,Tetiarary,4,1,0,23,1
STU2141,18,Female,Niger,Rural,375,282,6,3.97,Stable,82.5,Paid,1,1,Low,Secondary,1,1,0,15,0
STU2142,24,Female,Lagos,Rural,564,273,3,3.81,Declining,80.8,Owing,1,0,High,Secondary,1,2,0,17,0
STU2143,27,Female,Enugu,Rural,895,259,6,3.37,Declining,82.6,Paid,0,0,Middle,Tetiarary,1,1,1,13,0
STU2144,29,Male,Osun,Urban,82,309,5,4.24,Stable,83.7,Partial,0,0,High,Tetiarary,0,0,1,13,0
STU2145,28,Female,Abuja,Urban,546,296,4,3.91,Stable,76.7,Owing,0,0,Middle,Primary,3,3,0,13,1
STU2146,20,Male,Enugu,Urban,289,218,4,2.56,Declining,100.0,Owing,0,0,High,Tetiarary,1,1,0,14,1
STU2147,24,Female,Lagos,Urban,652,232,4,2.7,Improving,56.0,Partial,0,0,Middle,Primary,1,1,1,16,0
STU2148,22,Female,Kano,Rural,144,143,3,1.05,Stable,67.6,Partial,0,0,High,Secondary,4,1,0,20,1
STU2149,30,Female,Rivers,Urban,557,221,5,3.01,Stable,78.5,Paid,1,0,Low,Primary,4,1,1,17,0
STU2150,22,Female,Ogun,Urban,286,324,7,4.5,Improving,55.4,Paid,1,0,Middle,Primary,2,0,0,23,0
STU2151,21,Male,Kano,Rural,566,316,4,4.26,Declining,77.4,Paid,0,0,High,No formal,2,0,0,20,0
STU2152,17,Female,Plateau,Urban,262,311,5,4.27,Stable,100.0,Paid,0,0,Middle,Tetiarary,4,2,1,21,0
STU2153,24,Female,Ogun,Urban,827,347,6,4.8,Stable,80.3,Paid,0,0,Low,Secondary,3,3,0,24,1
STU2154,21,Male,Benue,Urban,364,214,3,2.49,Declining,83.5,Paid,0,1,High,No formal,2,2,0,16,0
STU2155,23,Female,Rivers,Rural,444,153,5,1.23,Stable,61.1,Owing,0,0,Middle,No formal,3,2,0,22,0
STU2156,16,Male,Cross River,Rural,274,270,5,3.46,Stable,70.8,Partial,0,0,Low,Secondary,4,1,0,17,1
STU2157,20,Female,Oyo,Urban,138,253,7,3.17,Declining,74.4,Paid,0,0,Middle,Tetiarary,2,3,0,21,0
STU2158,27,Male,Anambra,Urban,750,201,5,2.56,Declining,75.2,Owing,1,0,Middle,Primary,1,1,0,23,1
STU2159,16,Female,Imo,Urban,644,245,7,3.03,Declining,99.2,Paid,0,0,High,No formal,4,0,0,19,0
STU2160,25,Male,Kaduna,Urban,108,203,3,2.6,Improving,88.4,Partial,1,0,Middle,Secondary,2,2,0,14,0
STU2161,26,Male,Cross River,Rural,770,241,3,2.76,Improving,63.3,Partial,0,0,Middle,Secondary,3,3,0,13,1
STU2162,29,Male,Kaduna,Urban,99,312,6,4.49,Stable,83.7,Paid,1,0,Middle,Secondary,3,0,0,14,0
STU2163,23,Male,Kogi,Urban,853,245,7,3.03,Improving,87.5,Partial,0,0,Middle,Secondary,2,2,0,20,0
STU2164,23,Female,Delta,Rural,733,349,7,4.83,Stable,97.1,Paid,0,0,High,Secondary,3,3,0,17,0
STU2165,16,Male,Abuja,Rural,577,325,4,4.82,Stable,100.0,Paid,1,1,High,Secondary,2,2,1,21,1
STU2166,24,Female,Niger,Rural,484,159,4,1.33,Stable,64.8,Paid,0,0,Middle,Tetiarary,2,3,0,23,0
STU2167,17,Female,Kogi,Urban,784,197,6,2.39,Stable,67.8,Owing,1,0,Low,No formal,3,2,1,15,0
STU2168,27,Female,Enugu,Urban,245,251,3,3.03,Stable,61.1,Partial,0,0,High,Primary,0,1,1,21,0
STU2169,24,Female,Imo,Urban,17,356,8,4.96,Stable,76.5,Partial,0,1,Low,Tetiarary,1,2,0,14,0
STU2170,16,Male,Ogun,Rural,151,196,4,2.27,Improving,87.0,Partial,0,0,Low,Tetiarary,4,2,1,24,1
STU2171,27,Male,Abuja,Urban,756,369,5,5.0,Stable,94.8,Paid,0,0,Low,Primary,1,3,0,13,0
STU2172,25,Male,Imo,Rural,605,344,3,4.75,Stable,78.9,Partial,0,0,Low,Tetiarary,4,3,0,15,1
STU2173,29,Male,Imo,Rural,99,335,8,4.59,Declining,75.2,Paid,0,0,High,Tetiarary,4,1,0,20,0
STU2174,29,Female,Oyo,Urban,831,258,5,3.25,Declining,82.3,Paid,0,0,Middle,Secondary,1,3,0,15,0
STU2175,24,Male,Rivers,Urban,297,345,7,4.57,Declining,67.5,Partial,0,0,High,Secondary,2,2,0,24,0
STU2176,19,Female,Abuja,Rural,29,236,3,2.87,Stable,100.0,Paid,0,0,Low,Secondary,3,3,0,23,0
STU2177,24,Male,Kaduna,Rural,276,231,6,2.58,Improving,55.9,Paid,0,0,Middle,Primary,0,3,0,16,0
STU2178,22,Female,Akwa Ibom,Rural,509,191,7,2.09,Improving,82.8,Owing,0,0,High,Secondary,0,3,0,19,0
STU2179,26,Male,Cross River,Urban,170,176,7,2.13,Declining,100.0,Partial,1,0,High,Secondary,0,1,0,13,0
STU2180,21,Male,Benue,Urban,766,147,5,1.32,Improving,80.1,Partial,0,0,High,Tetiarary,1,1,0,23,0
STU2181,30,Female,Akwa Ibom,Rural,91,183,7,1.95,Stable,77.1,Paid,0,0,Low,Secondary,1,0,0,22,0
STU2182,20,Male,Anambra,Rural,658,237,4,3.19,Improving,74.6,Paid,1,0,High,Secondary,2,1,0,14,0
STU2183,26,Female,Kwara,Urban,650,272,3,3.5,Improving,77.3,Partial,0,0,Middle,Secondary,0,1,0,17,0
STU2184,24,Female,Lagos,Urban,795,257,4,3.23,Declining,100.0,Partial,0,0,Middle,Tetiarary,2,1,0,23,0
STU2185,17,Male,Niger,Rural,642,208,5,2.28,Stable,46.8,Partial,0,1,Middle,Tetiarary,0,2,1,18,0
STU2186,29,Female,Kwara,Urban,832,298,8,4.05,Stable,100.0,Owing,0,0,Middle,Secondary,1,0,1,15,0
STU2187,28,Male,Enugu,Rural,495,184,5,1.87,Improving,58.6,Owing,0,0,High,Secondary,3,2,1,12,1
STU2188,26,Female,Kano,Urban,145,276,3,3.57,Stable,76.0,Paid,0,0,High,Secondary,3,1,0,18,0
STU2189,29,Male,Oyo,Rural,872,171,7,2.04,Declining,73.6,Owing,1,0,Low,Tetiarary,3,1,0,23,1
STU2190,27,Female,Osun,Rural,107,172,6,1.76,Stable,88.8,Partial,0,0,Middle,Primary,3,0,0,20,0
STU2191,17,Male,Kwara,Urban,230,265,5,3.17,Declining,56.0,Partial,0,0,High,Secondary,4,0,0,12,0
STU2192,26,Male,Ogun,Rural,579,206,3,2.35,Improving,86.9,Paid,0,0,Middle,Secondary,0,3,0,12,0
STU2193,27,Male,Ogun,Rural,298,169,6,1.8,Stable,100.0,Partial,0,0,Middle,Tetiarary,3,1,1,12,0
STU2194,30,Male,Cross River,Rural,310,253,7,2.97,Declining,59.6,Owing,0,0,Low,Secondary,4,1,0,21,1
STU2195,24,Male,Plateau,Urban,258,343,8,4.73,Declining,82.8,Partial,0,0,Middle,Tetiarary,4,2,0,18,1
STU2196,27,Female,Enugu,Rural,184,168,5,1.69,Improving,70.1,Partial,0,0,High,Primary,4,3,0,22,0
STU2197,18,Female,Kwara,Rural,44,270,8,3.56,Improving,86.4,Paid,0,0,Middle,Secondary,2,1,1,20,0
STU2198,23,Male,Abuja,Urban,780,357,3,4.97,Stable,80.3,Paid,0,0,Middle,Secondary,2,2,0,14,0
STU2199,26,Male,Rivers,Rural,705,324,8,4.4,Improving,70.4,Paid,0,0,High,Tetiarary,4,0,0,19,0
STU2200,30,Male,Niger,Urban,524,169,8,1.8,Improving,87.3,Paid,0,0,Low,Tetiarary,3,2,1,20,0
STU2201,24,Male,Kwara,Urban,620,276,3,3.57,Stable,100.0,Partial,0,0,High,Tetiarary,0,1,0,14,1
STU2202,23,Male,Kano,Urban,741,293,3,3.86,Stable,77.1,Paid,0,0,Middle,Tetiarary,1,2,0,23,0
STU2203,19,Male,Cross River,Urban,550,269,5,3.44,Declining,90.8,Partial,0,0,High,Tetiarary,2,2,0,23,1
STU2204,27,Female,Enugu,Rural,240,201,8,2.36,Improving,60.6,Paid,1,0,Low,Tetiarary,3,3,0,14,1
STU2205,16,Female,Cross River,Rural,467,142,6,1.03,Declining,65.7,Paid,0,1,Low,Secondary,3,3,0,12,0
STU2206,19,Male,Cross River,Urban,232,313,3,4.31,Declining,87.1,Paid,0,1,Middle,Tetiarary,1,0,1,13,0
STU2207,29,Male,Benue,Rural,704,207,7,2.37,Declining,100.0,Owing,0,0,Middle,Tetiarary,1,3,0,18,0
STU2208,24,Female,Kaduna,Urban,829,164,8,1.62,Declining,85.3,Paid,0,0,High,Secondary,3,2,0,14,0
STU2209,17,Male,Abuja,Urban,487,318,3,4.3,Declining,75.3,Paid,0,1,Low,Tetiarary,1,3,0,18,0
STU2210,18,Female,Kogi,Urban,434,280,6,3.93,Declining,80.0,Owing,1,0,Middle,Secondary,3,1,0,16,1
STU2211,25,Female,Abuja,Urban,26,183,5,1.85,Stable,61.2,Owing,0,0,Low,Primary,1,2,1,21,1
STU2212,23,Female,Ogun,Urban,347,302,8,4.02,Stable,89.1,Partial,0,0,High,Secondary,1,2,0,19,0
STU2213,21,Male,Edo,Rural,44,194,3,2.24,Declining,93.2,Paid,0,0,High,Primary,3,2,1,16,0
STU2214,23,Female,Cross River,Urban,177,354,3,4.92,Stable,73.2,Paid,0,0,Middle,Secondary,4,1,0,14,1
STU2215,22,Female,Benue,Urban,443,276,7,3.57,Improving,72.9,Owing,0,1,Low,Tetiarary,3,2,0,20,0
STU2216,29,Female,Delta,Urban,183,269,7,3.44,Declining,84.0,Owing,0,1,Middle,No formal,0,3,0,18,1
STU2217,28,Female,Delta,Urban,602,328,8,4.57,Stable,73.4,Partial,0,0,Low,No formal,1,1,1,16,0
STU2218,28,Male,Osun,Rural,137,180,3,2.2,Declining,79.0,Paid,1,0,Low,Tetiarary,2,2,0,18,0
STU2219,20,Male,Ogun,Urban,355,311,8,4.17,Improving,100.0,Paid,0,0,Middle,Secondary,1,3,0,22,0
STU2220,24,Female,Benue,Rural,529,203,3,2.3,Stable,76.3,Paid,0,0,High,Secondary,0,3,0,21,1
STU2221,19,Female,Kwara,Urban,544,170,7,1.72,Improving,74.6,Partial,0,0,High,Secondary,2,0,0,20,1
STU2222,21,Female,Kano,Rural,510,186,6,2.0,Declining,70.3,Paid,0,0,Middle,No formal,2,3,0,16,0
STU2223,17,Female,Lagos,Urban,88,269,4,3.44,Improving,91.2,Owing,0,0,Middle,No formal,3,3,0,18,0
STU2224,30,Male,Anambra,Rural,468,235,4,2.85,Declining,77.3,Paid,0,0,High,Tetiarary,4,0,0,22,0
STU2225,17,Male,Kogi,Urban,834,349,3,4.83,Improving,70.3,Partial,0,0,Middle,Primary,3,0,0,20,0
STU2226,17,Male,Ogun,Urban,865,216,7,2.52,Improving,99.8,Paid,0,0,Middle,Secondary,2,1,0,12,0
STU2227,25,Male,Kaduna,Rural,347,249,5,3.1,Improving,100.0,Partial,0,0,High,Tetiarary,2,3,0,15,1
STU2228,22,Female,Ogun,Rural,284,208,5,2.38,Stable,71.0,Paid,0,0,Low,Tetiarary,4,1,0,12,0
STU2229,28,Male,Enugu,Urban,870,197,4,1.99,Stable,52.0,Partial,0,0,Low,Primary,1,1,0,19,1
STU2230,17,Female,Kano,Rural,267,245,6,3.03,Improving,95.1,Partial,0,0,Middle,Secondary,4,2,0,14,0
STU2231,30,Female,Enugu,Rural,170,183,4,1.75,Stable,69.7,Paid,0,0,Low,Tetiarary,3,1,0,13,0
STU2232,30,Male,Kano,Urban,297,213,3,2.47,Improving,91.9,Owing,0,0,Middle,Tetiarary,1,1,0,15,0
STU2233,27,Male,Ogun,Urban,513,195,6,1.96,Declining,50.4,Partial,0,0,Middle,Tetiarary,3,1,0,22,1
STU2234,30,Female,Ogun,Urban,584,310,5,4.16,Improving,93.4,Owing,0,0,Middle,Secondary,4,1,0,14,0
STU2235,28,Female,Ogun,Urban,230,266,7,3.49,Stable,61.8,Owing,1,0,High,Primary,1,0,0,22,1
STU2236,17,Female,Lagos,Rural,174,356,7,4.96,Stable,91.0,Owing,0,1,Low,Secondary,4,3,0,16,0
STU2237,30,Male,Anambra,Urban,602,301,3,4.0,Declining,80.2,Paid,0,0,Middle,Tetiarary,0,2,0,24,0
STU2238,24,Male,Oyo,Urban,649,368,4,4.97,Declining,65.7,Paid,0,0,Low,Tetiarary,2,0,0,19,0
STU2239,22,Male,Niger,Rural,452,169,3,2.0,Declining,73.9,Owing,1,0,Middle,No formal,1,2,0,21,1
STU2240,26,Male,Cross River,Urban,694,210,7,2.52,Improving,90.3,Partial,0,0,High,No formal,2,2,1,19,0
STU2241,18,Female,Delta,Rural,859,337,5,4.93,Declining,81.6,Paid,1,0,Middle,Tetiarary,0,0,0,22,0
STU2242,18,Female,Ogun,Rural,506,257,7,3.23,Declining,88.8,Partial,0,0,Low,Primary,1,1,0,18,0
STU2243,22,Male,Ogun,Rural,768,194,6,2.14,Declining,100.0,Paid,0,0,Middle,Secondary,2,0,0,19,0
STU2244,20,Male,Oyo,Rural,531,206,8,2.15,Stable,56.5,Partial,0,0,Middle,Tetiarary,2,2,0,24,0
STU2245,25,Male,Osun,Urban,739,280,7,3.73,Declining,100.0,Owing,0,0,Low,Secondary,1,2,1,24,1
STU2246,29,Female,Benue,Urban,383,142,7,1.23,Stable,81.6,Partial,0,0,Middle,Primary,2,1,0,16,1
STU2247,29,Male,Osun,Urban,205,165,8,1.43,Stable,66.5,Paid,0,0,Middle,Secondary,2,0,0,21,0
STU2248,21,Female,Kaduna,Urban,623,196,6,1.97,Stable,60.0,Paid,0,1,High,Secondary,1,3,0,21,1
STU2249,28,Male,Cross River,Rural,254,265,4,3.37,Stable,77.2,Paid,0,1,High,Secondary,2,2,0,22,0
STU2250,27,Female,Rivers,Urban,413,291,7,3.83,Stable,93.8,Partial,0,0,High,Tetiarary,2,0,0,23,0
STU2251,23,Male,Imo,Rural,605,192,3,2.4,Stable,78.1,Paid,1,0,High,Secondary,3,1,0,22,1
STU2252,24,Male,Imo,Rural,129,337,7,4.63,Declining,100.0,Partial,0,0,High,Tetiarary,3,1,0,24,1
STU2253,16,Female,Plateau,Urban,117,182,3,1.83,Stable,58.2,Partial,0,0,High,Primary,0,3,1,17,0
STU2254,18,Female,Niger,Urban,141,327,6,4.45,Stable,79.8,Partial,0,0,Low,Secondary,3,2,0,19,0
STU2255,26,Male,Kwara,Urban,763,325,7,4.22,Improving,61.2,Owing,0,0,Middle,Tetiarary,3,3,0,24,0
STU2256,22,Male,Delta,Rural,500,188,6,2.03,Declining,85.5,Partial,0,1,High,Primary,0,3,0,12,0
STU2257,21,Male,Kano,Rural,682,181,6,1.91,Stable,93.3,Paid,0,0,Middle,Secondary,2,3,0,17,0
STU2258,22,Male,Plateau,Urban,154,343,4,5.0,Improving,73.7,Partial,1,0,Low,Primary,2,3,0,17,0
STU2259,23,Female,Kwara,Urban,879,367,7,4.95,Declining,40.9,Partial,0,0,Middle,Primary,3,1,0,22,0
STU2260,21,Female,Plateau,Urban,347,333,3,4.56,Improving,83.0,Paid,0,0,Middle,Secondary,0,2,0,24,0
STU2261,18,Male,Lagos,Rural,584,150,3,1.37,Improving,86.6,Partial,0,0,Middle,Tetiarary,2,3,0,16,1
STU2262,17,Male,Plateau,Urban,737,242,7,3.37,Stable,86.1,Paid,1,0,Middle,Primary,4,2,1,15,1
STU2263,27,Male,Benue,Urban,787,237,8,2.89,Stable,98.5,Paid,0,0,Middle,Tetiarary,1,1,0,12,0
STU2264,22,Male,Oyo,Rural,325,357,4,4.77,Improving,63.9,Owing,0,0,High,Primary,1,1,0,22,1
STU2265,27,Male,Kaduna,Rural,826,285,4,4.02,Stable,90.2,Owing,1,1,High,Primary,1,0,0,21,0
STU2266,27,Female,Kwara,Rural,865,224,4,2.66,Declining,97.9,Partial,0,0,High,Primary,3,0,0,22,1
STU2267,27,Male,Niger,Urban,536,239,3,2.72,Stable,53.3,Partial,0,0,High,Primary,1,2,0,19,0
STU2268,26,Female,Enugu,Rural,293,243,6,2.99,Improving,84.8,Owing,0,0,Middle,No formal,1,0,0,17,1
STU2269,16,Female,Kano,Urban,493,319,8,4.41,Declining,72.4,Owing,0,0,Middle,Tetiarary,4,3,1,14,0
STU2270,18,Female,Imo,Urban,496,185,4,1.98,Stable,78.8,Partial,0,0,Low,Secondary,2,2,0,23,0
STU2271,27,Female,Rivers,Urban,616,183,3,1.95,Stable,85.2,Partial,0,0,High,Secondary,4,1,0,14,0
STU2272,26,Female,Ogun,Urban,256,161,3,1.67,Improving,72.7,Paid,0,0,Low,Tetiarary,3,1,1,23,0
STU2273,19,Female,Kogi,Urban,81,320,6,4.13,Stable,69.9,Paid,0,0,High,Secondary,1,3,0,17,0
STU2274,28,Male,Oyo,Rural,651,326,7,4.43,Stable,80.5,Paid,0,0,Middle,Primary,2,0,0,23,0
STU2275,29,Male,Akwa Ibom,Urban,396,361,7,4.84,Declining,63.7,Partial,0,0,High,Secondary,1,2,0,18,0
STU2276,16,Male,Lagos,Rural,416,253,4,2.97,Stable,63.7,Owing,0,0,Middle,Primary,1,2,0,19,1
STU2277,20,Female,Edo,Urban,177,264,4,3.36,Stable,90.2,Owing,0,0,High,Secondary,3,3,0,16,1
STU2278,25,Female,Edo,Urban,879,263,8,3.24,Declining,62.8,Paid,0,0,Middle,Secondary,1,0,1,21,0
STU2279,18,Male,Edo,Rural,205,169,6,1.7,Declining,90.0,Partial,0,0,Middle,Secondary,0,2,0,17,1
STU2280,17,Female,Kogi,Rural,221,147,4,1.32,Improving,86.9,Paid,0,0,Middle,Tetiarary,2,3,0,23,1
STU2281,30,Female,Edo,Urban,380,237,6,2.69,Declining,54.1,Paid,0,0,High,Tetiarary,2,2,0,12,0
STU2282,18,Female,Lagos,Rural,724,196,3,1.97,Stable,69.8,Owing,0,0,Middle,Tetiarary,0,1,0,17,1
STU2283,23,Female,Niger,Urban,590,250,4,3.11,Stable,97.9,Partial,0,0,High,Primary,3,2,0,20,0
STU2284,21,Female,Niger,Rural,15,212,3,2.25,Stable,65.3,Partial,0,0,High,Primary,1,2,0,21,0
STU2285,28,Male,Imo,Urban,803,254,5,3.18,Stable,73.0,Paid,0,0,High,Secondary,1,2,0,15,0
STU2286,29,Male,Abuja,Rural,772,159,6,1.53,Improving,86.9,Paid,0,0,Middle,Primary,2,0,0,21,0
STU2287,22,Male,Osun,Urban,16,164,5,1.72,Stable,91.8,Partial,0,0,Middle,No formal,3,0,1,24,0
STU2288,27,Male,Anambra,Rural,896,158,4,1.51,Stable,76.2,Paid,0,0,Low,Secondary,3,3,0,12,0
STU2289,21,Male,Enugu,Rural,594,144,3,1.27,Improving,71.0,Paid,0,1,High,Secondary,3,0,0,22,0
STU2290,21,Female,Kano,Urban,439,214,4,2.79,Stable,100.0,Paid,1,0,High,Tetiarary,1,2,0,20,0
STU2291,27,Female,Edo,Rural,688,346,5,4.78,Declining,100.0,Partial,0,0,High,Secondary,3,2,0,15,0
STU2292,18,Female,Cross River,Urban,612,267,4,3.41,Declining,94.7,Owing,0,0,Middle,Tetiarary,0,0,0,13,0
STU2293,27,Male,Kwara,Urban,822,211,8,2.53,Stable,81.3,Owing,0,0,Low,Tetiarary,4,0,1,12,1
STU2294,28,Male,Kogi,Rural,377,350,7,4.95,Declining,67.9,Owing,1,0,High,No formal,3,2,0,14,1
STU2295,29,Male,Niger,Urban,277,354,5,5.0,Stable,67.5,Owing,1,0,Low,Secondary,4,2,0,18,0
STU2296,23,Male,Kano,Urban,695,294,4,3.88,Improving,87.8,Owing,0,0,High,Secondary,1,1,0,22,1
STU2297,27,Female,Ogun,Urban,580,179,3,2.18,Stable,86.3,Partial,1,0,Middle,Tetiarary,3,3,0,21,0
STU2298,22,Male,Edo,Rural,513,363,4,5.0,Improving,100.0,Partial,1,0,Middle,Secondary,2,0,1,13,1
STU2299,22,Male,Benue,Urban,136,165,3,1.63,Declining,89.8,Paid,0,0,High,Secondary,1,3,0,20,1
STU2300,21,Female,Niger,Urban,859,166,7,1.45,Declining,57.5,Owing,0,0,Low,Secondary,0,2,0,23,1
STU2301,20,Male,Edo,Rural,788,329,4,4.49,Stable,95.8,Paid,0,0,Middle,Secondary,0,3,0,24,0
STU2302,25,Female,Niger,Rural,323,222,7,2.53,Stable,65.0,Paid,0,0,High,Tetiarary,4,0,1,22,0
STU2303,23,Male,Abuja,Rural,848,267,5,3.51,Stable,74.2,Owing,0,0,High,Secondary,4,0,1,13,1
STU2304,20,Female,Rivers,Rural,857,317,3,4.28,Stable,83.8,Paid,0,0,High,No formal,2,3,0,16,0
STU2305,24,Male,Rivers,Rural,625,309,8,4.14,Declining,100.0,Owing,0,0,High,Primary,2,0,0,19,0
STU2306,24,Female,Cross River,Urban,789,296,5,4.31,Stable,100.0,Partial,1,0,Low,Tetiarary,0,1,1,24,0
STU2307,16,Male,Lagos,Urban,172,306,3,4.09,Improving,89.1,Paid,0,0,Low,Secondary,3,2,0,24,0
STU2308,21,Female,Lagos,Rural,401,327,7,4.45,Declining,77.3,Partial,0,0,Middle,Tetiarary,0,2,0,23,0
STU2309,22,Male,Oyo,Rural,184,308,6,4.12,Improving,88.0,Owing,0,0,Middle,Tetiarary,0,0,0,21,0
STU2310,18,Male,Kwara,Rural,62,172,4,1.76,Declining,93.3,Paid,0,0,Middle,Tetiarary,2,2,0,19,0
STU2311,22,Female,Enugu,Urban,484,350,7,4.85,Stable,75.2,Partial,0,0,High,Secondary,4,1,0,14,1
STU2312,26,Male,Enugu,Urban,595,368,3,5.0,Stable,100.0,Owing,0,0,Low,Primary,2,0,0,13,1
STU2313,26,Male,Cross River,Rural,464,350,3,4.85,Improving,83.5,Paid,0,0,High,Primary,2,1,0,20,1
STU2314,22,Male,Ogun,Rural,65,236,3,2.87,Stable,87.5,Paid,0,0,Low,Secondary,2,1,0,14,0
STU2315,29,Female,Anambra,Rural,373,250,3,3.11,Declining,90.0,Paid,0,0,Low,Secondary,0,2,0,19,0
STU2316,28,Male,Kwara,Urban,125,155,4,1.46,Stable,86.3,Paid,0,0,Middle,Secondary,3,2,0,13,0
STU2317,26,Male,Plateau,Urban,723,162,5,1.58,Declining,92.6,Paid,0,1,High,Secondary,0,3,0,14,0
STU2318,17,Male,Kogi,Rural,550,274,8,3.63,Stable,70.7,Partial,0,0,Low,Tetiarary,1,1,1,12,0
STU2319,22,Female,Niger,Rural,586,165,6,1.63,Declining,71.6,Paid,0,0,Middle,No formal,2,2,0,22,0
STU2320,30,Female,Cross River,Urban,21,235,4,2.65,Declining,63.5,Owing,0,1,High,No formal,2,1,0,17,0
STU2321,16,Male,Delta,Urban,500,151,3,1.39,Stable,86.6,Paid,0,0,Low,Tetiarary,1,3,0,24,0
STU2322,20,Male,Akwa Ibom,Rural,501,211,4,2.43,Stable,91.7,Partial,0,0,Middle,Primary,2,1,0,18,1
STU2323,24,Male,Abuja,Rural,509,272,7,3.5,Declining,86.9,Partial,0,0,High,Tetiarary,2,0,0,15,0
STU2324,22,Male,Benue,Urban,536,245,8,3.03,Improving,100.0,Owing,0,0,Middle,Secondary,2,3,0,12,0
STU2325,22,Male,Niger,Urban,319,359,3,5.0,Declining,79.9,Partial,0,0,Low,Tetiarary,1,3,0,14,0
STU2326,26,Male,Cross River,Urban,73,256,6,3.22,Stable,90.0,Paid,0,0,Middle,Tetiarary,0,1,0,20,0
STU2327,28,Male,Akwa Ibom,Urban,731,336,3,4.41,Declining,63.6,Owing,0,0,Middle,Secondary,2,1,0,16,1
STU2328,27,Female,Plateau,Rural,165,316,8,4.26,Improving,74.2,Paid,0,0,Low,Tetiarary,3,2,0,17,1
STU2329,17,Male,Kaduna,Urban,618,165,6,1.73,Declining,90.4,Paid,0,0,Low,Primary,1,0,1,15,1
STU2330,23,Female,Edo,Rural,892,272,8,3.5,Stable,92.7,Paid,0,0,Low,Secondary,4,3,0,12,0
STU2331,18,Male,Lagos,Rural,722,161,6,1.57,Declining,75.6,Partial,0,1,Low,Tetiarary,1,3,0,16,1
STU2332,30,Male,Akwa Ibom,Urban,149,346,5,4.78,Stable,78.9,Paid,0,0,Middle,Tetiarary,0,3,0,16,0
STU2333,23,Female,Anambra,Urban,573,152,5,1.21,Stable,57.2,Partial,0,0,Middle,Secondary,1,2,0,16,0
STU2334,18,Male,Kaduna,Urban,599,295,4,3.9,Declining,74.6,Partial,0,0,Middle,Primary,4,0,0,17,1
STU2335,25,Male,Abuja,Urban,389,300,4,3.98,Declining,93.4,Owing,0,0,High,Tetiarary,3,3,0,22,1
STU2336,22,Female,Kwara,Urban,273,246,6,3.04,Declining,88.6,Paid,0,0,Middle,Secondary,4,3,0,13,0
STU2337,17,Male,Edo,Rural,458,162,3,1.68,Stable,87.5,Paid,0,0,High,Tetiarary,1,2,1,12,0
STU2338,19,Male,Delta,Rural,703,236,7,3.17,Stable,80.7,Paid,1,0,Middle,Tetiarary,4,1,0,13,0
STU2339,26,Male,Niger,Rural,522,157,7,1.5,Stable,80.1,Paid,0,0,Low,Secondary,1,3,0,24,0
STU2340,21,Male,Benue,Rural,869,256,3,3.22,Stable,70.1,Partial,0,0,Middle,No formal,3,0,0,21,1
STU2341,26,Female,Plateau,Rural,354,169,3,2.0,Improving,90.5,Partial,1,0,High,Primary,3,0,0,17,1
STU2342,24,Male,Kano,Rural,114,165,5,1.63,Stable,86.3,Partial,0,0,Low,Tetiarary,0,0,0,16,1
STU2343,20,Male,Ogun,Urban,487,283,7,3.69,Declining,87.4,Owing,0,0,Low,Tetiarary,3,0,0,16,1
STU2344,28,Male,Ogun,Rural,411,344,6,4.75,Stable,72.1,Owing,0,0,Middle,Secondary,2,2,0,23,0
STU2345,24,Male,Abuja,Urban,654,178,8,1.66,Declining,47.7,Paid,0,1,Middle,Secondary,4,3,0,23,0
STU2346,30,Female,Enugu,Urban,55,300,4,4.38,Improving,96.5,Owing,1,0,Middle,Tetiarary,4,2,1,17,0
STU2347,20,Male,Enugu,Urban,407,293,8,4.16,Declining,72.8,Paid,1,0,Low,Secondary,1,0,0,21,0
STU2348,25,Female,Kwara,Rural,567,315,5,4.04,Stable,67.1,Partial,0,0,Middle,Tetiarary,3,0,0,18,0
STU2349,23,Female,Rivers,Rural,480,332,7,4.84,Declining,90.4,Partial,1,0,High,Secondary,0,0,0,20,0
STU2350,28,Female,Oyo,Rural,91,305,3,4.37,Stable,74.1,Owing,1,0,Middle,Tetiarary,0,2,0,18,0
STU2351,28,Male,Anambra,Rural,72,269,7,3.44,Declining,95.9,Partial,0,1,Middle,Tetiarary,0,0,0,13,1
STU2352,16,Male,Enugu,Urban,600,252,6,3.15,Stable,89.3,Partial,0,0,Middle,Secondary,2,3,0,17,0
STU2353,22,Female,Kano,Rural,46,273,5,3.51,Stable,90.3,Owing,0,0,Middle,Tetiarary,3,0,0,20,0
STU2354,19,Female,Anambra,Rural,735,185,3,2.08,Improving,59.5,Partial,1,1,Low,Secondary,0,3,0,18,0
STU2355,20,Male,Kogi,Rural,61,189,8,2.05,Stable,98.2,Partial,0,1,Middle,Primary,2,3,0,13,0
STU2356,21,Male,Benue,Urban,742,305,6,4.07,Declining,83.9,Paid,0,0,Low,No formal,4,0,0,14,0
STU2357,20,Male,Akwa Ibom,Urban,200,245,8,3.03,Improving,74.5,Paid,0,0,Middle,Tetiarary,1,2,0,19,0
STU2358,27,Female,Imo,Rural,764,355,4,4.94,Declining,82.2,Owing,0,0,Middle,Tetiarary,3,1,0,22,0
STU2359,16,Male,Niger,Urban,682,285,5,3.52,Improving,53.4,Partial,0,0,Low,Tetiarary,3,1,0,20,0
STU2360,27,Female,Kwara,Rural,66,294,6,3.98,Declining,86.1,Partial,0,0,Middle,Tetiarary,4,3,1,15,0
STU2361,24,Female,Niger,Urban,267,308,6,3.92,Declining,64.6,Paid,0,0,Low,Primary,3,2,0,20,1
STU2362,17,Female,Anambra,Rural,116,211,8,2.23,Stable,59.7,Paid,0,0,Low,No formal,3,1,0,13,0
STU2363,24,Female,Kogi,Urban,769,359,3,4.81,Improving,57.2,Paid,0,0,Middle,Secondary,3,0,0,24,0
STU2364,25,Male,Edo,Rural,715,213,4,2.47,Stable,96.7,Partial,0,0,High,Tetiarary,3,0,0,22,0
STU2365,17,Female,Akwa Ibom,Urban,182,156,8,1.58,Improving,70.6,Paid,0,0,Middle,Tetiarary,2,3,1,16,0
STU2366,24,Female,Delta,Rural,30,329,6,4.49,Stable,100.0,Paid,0,0,Middle,Primary,2,2,0,22,0
STU2367,21,Female,Rivers,Urban,414,296,5,4.21,Stable,72.0,Partial,1,0,High,Tetiarary,1,2,0,13,0
STU2368,26,Male,Delta,Rural,762,325,6,4.22,Stable,54.4,Partial,0,0,Middle,Secondary,3,1,0,22,0
STU2369,24,Female,Abuja,Rural,535,209,7,2.5,Improving,63.3,Paid,1,0,High,No formal,4,1,0,12,0
STU2370,28,Male,Delta,Urban,781,345,5,4.77,Improving,98.5,Partial,0,0,High,Secondary,0,0,0,24,0
STU2371,21,Male,Delta,Rural,321,289,5,3.79,Improving,77.7,Owing,0,0,High,Tetiarary,1,3,0,16,0
STU2372,21,Female,Akwa Ibom,Urban,536,145,6,1.59,Stable,71.8,Partial,1,0,High,Secondary,0,2,0,13,0
STU2373,28,Male,Benue,Urban,110,165,3,1.63,Stable,82.4,Owing,0,0,Low,Tetiarary,0,1,0,24,1
STU2374,26,Female,Ogun,Urban,753,306,5,4.09,Improving,87.5,Owing,0,0,Middle,Primary,3,1,0,18,1
STU2375,29,Male,Enugu,Rural,822,279,7,3.62,Stable,96.8,Paid,0,0,High,No formal,4,3,0,19,0
STU2376,17,Female,Delta,Urban,468,238,8,2.9,Declining,100.0,Paid,0,0,Middle,Primary,0,3,0,13,0
STU2377,23,Male,Edo,Urban,250,281,3,3.65,Stable,74.6,Partial,0,0,High,Tetiarary,0,0,0,18,0
STU2378,18,Female,Rivers,Rural,85,161,3,1.37,Declining,60.1,Partial,0,0,Low,Secondary,1,3,0,15,0
STU2379,22,Male,Abuja,Rural,666,190,3,2.07,Stable,73.8,Paid,0,0,Middle,Tetiarary,4,0,0,12,0
STU2380,20,Female,Kaduna,Urban,400,290,5,3.81,Improving,83.9,Paid,0,0,High,Secondary,4,0,0,22,0
STU2381,18,Female,Plateau,Rural,526,315,3,4.04,Stable,65.5,Partial,0,0,Middle,Secondary,0,3,0,14,0
STU2382,16,Male,Enugu,Rural,837,338,6,4.44,Stable,65.6,Paid,0,0,High,Tetiarary,4,3,0,22,1
STU2383,23,Male,Benue,Urban,740,243,3,2.99,Declining,85.2,Owing,0,0,Low,Secondary,1,3,0,23,0
STU2384,18,Female,Niger,Rural,268,317,7,4.38,Stable,79.3,Paid,0,0,High,Tetiarary,1,3,1,12,0
STU2385,17,Female,Cross River,Urban,665,228,4,2.73,Declining,80.5,Owing,0,0,High,Primary,1,3,0,16,0
STU2386,16,Female,Rivers,Rural,794,280,7,3.73,Stable,68.6,Paid,1,0,Middle,Tetiarary,3,0,0,24,0
STU2387,19,Female,Kogi,Urban,278,352,5,4.89,Stable,76.5,Paid,0,0,Low,Tetiarary,0,1,0,19,0
STU2388,28,Male,Kaduna,Rural,710,277,3,3.38,Improving,66.1,Paid,0,0,Low,Tetiarary,4,2,0,12,1
STU2389,23,Male,Benue,Urban,176,322,3,4.37,Improving,93.4,Owing,0,0,High,Primary,1,2,0,20,0
STU2390,28,Male,Ogun,Rural,269,148,6,1.34,Stable,95.5,Paid,0,0,High,Tetiarary,0,0,0,14,1
STU2391,18,Male,Kano,Urban,826,218,8,2.36,Stable,52.3,Partial,0,0,Low,Secondary,0,0,0,16,0
STU2392,29,Female,Osun,Urban,30,191,3,2.19,Declining,66.1,Owing,1,0,Low,Secondary,3,1,0,20,1
STU2393,16,Male,Abuja,Urban,473,269,7,3.24,Declining,57.6,Partial,0,0,High,Primary,4,3,0,16,1
STU2394,19,Female,Akwa Ibom,Rural,866,292,5,4.14,Improving,70.2,Paid,1,0,High,Primary,4,0,0,20,1
STU2395,24,Female,Oyo,Urban,480,152,4,1.41,Stable,78.7,Owing,0,0,Low,Tetiarary,1,2,0,21,1
STU2396,28,Female,Ogun,Urban,360,365,3,4.91,Improving,58.3,Owing,0,0,Middle,Tetiarary,1,3,0,19,0
STU2397,16,Female,Ogun,Urban,30,190,4,2.17,Stable,66.2,Paid,1,0,High,Secondary,0,0,0,18,0
STU2398,27,Male,Osun,Rural,38,325,3,4.52,Declining,64.9,Partial,1,0,Middle,Tetiarary,4,3,0,22,1
STU2399,29,Female,Kwara,Urban,268,173,5,2.17,Stable,83.1,Owing,1,1,High,No formal,4,2,1,12,1
STU2400,26,Male,Ogun,Rural,142,174,8,1.79,Declining,81.0,Owing,0,0,Middle,Tetiarary,1,3,0,15,1
STU2401,17,Male,Akwa Ibom,Urban,820,369,7,4.98,Declining,69.2,Paid,0,0,High,Tetiarary,2,0,0,20,0
STU2402,24,Female,Ogun,Urban,699,270,5,3.46,Stable,82.7,Owing,0,0,Middle,Tetiarary,0,0,0,21,0
STU2403,17,Male,Rivers,Urban,879,259,4,3.27,Improving,71.8,Paid,0,0,High,Secondary,4,2,0,19,0
STU2404,28,Female,Imo,Rural,758,326,3,4.53,Stable,75.9,Paid,0,1,Middle,Tetiarary,3,1,1,15,0
STU2405,18,Female,Oyo,Urban,570,209,4,2.7,Improving,100.0,Paid,1,1,Low,Secondary,3,1,0,23,0
STU2406,22,Female,Akwa Ibom,Urban,466,315,7,4.54,Stable,100.0,Paid,1,0,Middle,Tetiarary,2,3,0,12,0
STU2407,18,Male,Anambra,Urban,172,331,5,4.32,Declining,60.5,Partial,0,0,High,Secondary,1,0,0,21,0
STU2408,24,Female,Osun,Rural,635,286,4,4.04,Stable,92.4,Partial,1,0,Middle,Tetiarary,1,0,0,15,0
STU2409,21,Male,Abuja,Urban,659,206,4,2.35,Declining,92.2,Paid,0,1,Middle,No formal,1,2,0,14,1
STU2410,18,Female,Anambra,Rural,85,349,7,4.63,Declining,62.8,Paid,0,0,Middle,Secondary,3,2,0,17,1
STU2411,24,Male,Edo,Urban,761,242,3,2.97,Declining,92.3,Paid,0,0,Low,Secondary,1,0,0,22,0
STU2412,16,Female,Kaduna,Urban,868,212,4,2.45,Stable,100.0,Owing,0,0,Low,Tetiarary,3,2,0,16,1
STU2413,25,Male,Kano,Urban,874,255,7,3.0,Declining,63.2,Owing,0,0,Middle,Tetiarary,2,1,0,16,1
STU2414,18,Male,Rivers,Rural,411,343,3,4.53,Stable,66.2,Paid,0,1,Middle,Tetiarary,0,1,0,13,0
STU2415,16,Male,Kaduna,Rural,578,272,8,3.5,Stable,95.3,Owing,0,0,High,Tetiarary,4,3,0,23,0
STU2416,17,Male,Rivers,Urban,50,206,3,2.35,Declining,84.1,Paid,0,0,High,Primary,2,2,0,14,1
STU2417,27,Female,Delta,Rural,603,278,8,3.6,Declining,88.3,Partial,0,0,High,Tetiarary,3,3,0,22,1
STU2418,23,Male,Cross River,Urban,615,260,5,3.29,Stable,85.1,Owing,0,0,Middle,Primary,2,2,0,17,0
STU2419,22,Male,Cross River,Rural,811,233,7,2.82,Declining,85.9,Paid,0,0,High,Tetiarary,4,2,0,13,1
STU2420,17,Female,Niger,Urban,57,335,3,4.39,Stable,60.1,Partial,0,0,Low,Tetiarary,0,1,0,15,1
STU2421,17,Male,Osun,Urban,708,336,8,4.71,Stable,95.7,Paid,0,0,Low,Primary,4,0,1,13,0
STU2422,24,Male,Osun,Rural,480,268,8,3.43,Improving,97.5,Paid,0,0,Low,Tetiarary,3,2,0,20,1
STU2423,28,Female,Ogun,Rural,596,230,5,2.87,Stable,76.6,Partial,0,0,Middle,Tetiarary,4,2,1,14,0
STU2424,28,Male,Rivers,Urban,20,231,6,2.78,Stable,79.3,Owing,0,0,Low,Secondary,2,2,0,21,1
STU2425,21,Male,Ogun,Urban,364,202,7,2.18,Improving,57.0,Partial,0,0,Middle,Secondary,1,0,1,21,0
STU2426,20,Male,Cross River,Urban,491,168,6,1.69,Stable,87.7,Owing,0,0,Middle,Secondary,2,3,0,17,0
STU2427,25,Male,Plateau,Rural,842,349,3,4.83,Improving,88.6,Owing,0,1,Middle,Tetiarary,3,3,0,12,1
STU2428,21,Male,Akwa Ibom,Urban,710,151,7,1.39,Improving,79.1,Paid,0,0,Middle,Primary,0,2,0,24,1
STU2429,24,Male,Benue,Rural,506,216,5,2.52,Stable,96.9,Paid,0,0,Middle,Secondary,4,2,0,22,0
STU2430,26,Female,Rivers,Urban,145,180,3,1.9,Stable,75.0,Partial,0,0,Low,No formal,0,3,0,21,0
STU2431,22,Male,Niger,Urban,624,269,7,3.44,Stable,88.5,Partial,0,1,Low,Primary,3,3,0,14,0
STU2432,30,Male,Benue,Urban,819,176,7,1.93,Stable,64.7,Paid,1,0,Low,Tetiarary,4,1,0,19,1
STU2433,25,Male,Imo,Urban,781,312,6,4.29,Stable,79.6,Owing,0,0,Low,Secondary,2,2,1,16,0
STU2434,25,Female,Ogun,Urban,451,347,3,4.9,Improving,77.4,Partial,0,0,Middle,Tetiarary,2,3,1,19,0
STU2435,29,Female,Anambra,Urban,294,315,5,4.34,Stable,83.4,Paid,0,0,High,Secondary,3,1,1,13,0
STU2436,24,Male,Ogun,Rural,213,163,5,1.7,Declining,74.5,Partial,0,0,Middle,Secondary,4,0,1,18,1
STU2437,19,Female,Delta,Urban,479,238,3,2.9,Improving,78.0,Paid,0,0,Middle,No formal,2,2,0,20,0
STU2438,17,Male,Lagos,Rural,417,289,3,3.79,Stable,92.4,Partial,0,0,High,Tetiarary,3,3,0,18,1
STU2439,27,Male,Lagos,Urban,681,239,8,3.02,Improving,73.4,Owing,0,0,Low,Primary,3,2,1,14,0
STU2440,23,Male,Plateau,Rural,431,278,4,3.4,Stable,55.9,Owing,0,0,Low,Secondary,0,1,0,18,1
STU2441,19,Male,Rivers,Rural,858,197,6,2.19,Stable,100.0,Paid,0,0,Middle,Secondary,2,3,0,19,1
STU2442,28,Male,Niger,Rural,375,313,3,4.21,Declining,100.0,Partial,0,0,Middle,Secondary,4,0,0,12,0
STU2443,24,Male,Lagos,Rural,836,168,3,1.89,Stable,60.6,Partial,1,0,Middle,Tetiarary,2,0,1,24,0
STU2444,30,Male,Kwara,Urban,668,302,4,4.02,Stable,90.3,Paid,0,1,High,Tetiarary,2,1,0,24,0
STU2445,30,Male,Benue,Rural,294,282,4,3.67,Stable,72.5,Paid,0,0,Low,Primary,2,0,0,14,0
STU2446,19,Male,Kogi,Rural,436,199,7,2.23,Improving,84.0,Partial,0,0,Middle,Secondary,3,0,0,16,0
STU2447,30,Male,Plateau,Urban,272,234,5,2.83,Declining,84.4,Partial,0,0,Low,Tetiarary,1,0,0,23,1
STU2448,23,Female,Imo,Urban,155,181,6,1.91,Stable,76.5,Paid,0,1,High,Secondary,1,0,0,17,1
STU2449,24,Male,Lagos,Urban,723,182,7,2.13,Improving,68.2,Paid,1,0,High,Primary,0,0,1,14,1
STU2450,28,Female,Kano,Urban,259,347,3,4.7,Stable,69.6,Paid,0,0,Middle,Secondary,2,0,1,15,0
STU2451,24,Female,Osun,Urban,357,213,4,2.37,Stable,66.3,Paid,0,0,Low,Primary,1,0,1,16,0
STU2452,25,Male,Plateau,Urban,381,316,8,4.36,Improving,67.5,Partial,1,0,Middle,Primary,0,3,0,14,1
STU2453,19,Male,Lagos,Urban,657,331,5,4.62,Stable,79.0,Paid,0,0,Low,Secondary,3,0,1,15,0
STU2454,16,Male,Imo,Rural,859,299,7,3.87,Stable,69.3,Paid,0,0,Middle,Secondary,2,3,1,16,1
STU2455,30,Female,Lagos,Urban,362,203,8,2.6,Stable,90.2,Owing,1,0,Middle,No formal,4,2,0,13,0
STU2456,18,Male,Plateau,Rural,612,141,5,1.32,Improving,100.0,Paid,0,0,High,Tetiarary,3,1,1,21,0
STU2457,24,Male,Kano,Urban,374,291,8,3.83,Declining,71.3,Partial,0,1,Middle,Tetiarary,0,0,0,20,0
STU2458,19,Male,Niger,Urban,231,354,4,5.0,Improving,83.6,Owing,1,0,Low,Tetiarary,3,1,0,21,1
STU2459,20,Female,Kwara,Urban,709,205,7,2.43,Stable,87.5,Partial,0,0,Low,Tetiarary,4,0,1,19,0
STU2460,22,Male,Kogi,Urban,307,305,7,4.47,Declining,87.1,Partial,1,0,Low,Secondary,3,3,1,23,0
STU2461,20,Female,Edo,Urban,830,170,5,1.72,Improving,81.1,Paid,0,0,Low,No formal,0,0,0,17,0
STU2462,19,Male,Anambra,Urban,393,254,8,3.48,Improving,91.1,Paid,1,0,High,Tetiarary,4,2,0,21,0
STU2463,30,Female,Osun,Urban,381,165,4,1.63,Improving,87.2,Partial,0,0,Low,No formal,4,1,0,22,0
STU2464,17,Male,Akwa Ibom,Rural,122,168,3,1.49,Improving,61.4,Partial,0,1,High,Primary,3,1,0,14,1
STU2465,30,Male,Lagos,Urban,9,334,7,4.57,Improving,93.0,Paid,0,0,Middle,Secondary,4,2,0,22,0
STU2466,17,Female,Abuja,Urban,448,217,3,2.54,Stable,93.3,Partial,0,1,Middle,Primary,3,3,0,13,1
STU2467,28,Female,Kwara,Rural,356,164,4,1.42,Stable,68.6,Owing,0,0,Middle,Tetiarary,2,3,0,18,1
STU2468,28,Male,Cross River,Urban,759,187,7,2.02,Stable,80.6,Paid,0,0,High,Tetiarary,4,2,0,19,1
STU2469,19,Male,Abuja,Urban,537,204,7,2.41,Improving,90.2,Partial,0,0,Middle,Tetiarary,3,1,1,21,0
STU2470,25,Female,Cross River,Urban,668,320,8,4.33,Declining,76.9,Partial,0,0,Middle,Tetiarary,2,0,0,12,0
STU2471,28,Female,Kaduna,Urban,644,206,3,2.35,Improving,96.1,Owing,0,0,Middle,Primary,4,3,0,17,1
STU2472,25,Male,Enugu,Urban,128,229,8,2.85,Stable,100.0,Owing,0,0,High,Tetiarary,2,0,1,18,0
STU2473,28,Female,Enugu,Urban,662,285,6,3.52,Improving,68.2,Partial,0,0,Middle,Secondary,4,1,0,24,0
STU2474,30,Female,Anambra,Urban,281,276,3,3.37,Improving,59.3,Paid,0,0,Middle,Tetiarary,0,0,0,20,0
STU2475,24,Male,Oyo,Rural,826,177,3,1.84,Stable,84.6,Paid,0,0,Middle,Primary,0,2,0,23,0
STU2476,23,Female,Plateau,Urban,398,226,6,2.7,Stable,90.8,Paid,0,0,Low,Tetiarary,3,3,0,14,0
STU2477,18,Male,Kaduna,Urban,668,288,4,3.77,Stable,76.5,Partial,0,0,Low,Tetiarary,1,3,0,13,0
STU2478,30,Female,Kano,Rural,364,204,4,2.31,Stable,100.0,Partial,0,0,Low,No formal,0,2,0,16,0
STU2479,29,Female,Imo,Rural,627,288,7,3.57,Declining,59.9,Owing,0,0,High,No formal,1,2,0,24,1
STU2480,24,Female,Kano,Urban,473,166,5,1.65,Stable,90.4,Partial,0,0,Middle,Primary,2,3,0,21,1
STU2481,29,Male,Osun,Rural,632,245,8,3.03,Stable,70.9,Partial,0,0,High,Secondary,2,3,0,12,0
STU2482,20,Male,Kano,Urban,704,262,5,3.32,Improving,100.0,Partial,0,0,High,Secondary,1,3,0,24,0
STU2483,26,Male,Lagos,Urban,61,337,7,4.63,Improving,100.0,Paid,0,0,Low,Tetiarary,3,1,0,17,0
STU2484,18,Female,Lagos,Rural,255,183,5,2.15,Stable,68.5,Partial,1,0,Middle,Secondary,4,1,1,20,0
STU2485,20,Female,Kogi,Rural,154,239,3,2.92,Stable,71.8,Partial,0,0,High,Secondary,1,1,0,21,0
STU2486,28,Male,Rivers,Urban,456,167,3,1.67,Stable,92.9,Owing,0,0,Middle,Tetiarary,1,0,0,20,1
STU2487,25,Female,Abuja,Rural,166,312,6,4.19,Improving,74.2,Paid,0,0,Middle,Secondary,1,1,0,18,0
STU2488,28,Female,Benue,Rural,124,156,6,1.48,Declining,79.3,Owing,0,0,High,Secondary,1,3,0,22,0
STU2489,19,Male,Kwara,Urban,586,266,7,3.39,Declining,80.4,Partial,0,0,Low,Tetiarary,1,1,0,18,0
STU2490,23,Male,Ogun,Urban,355,262,7,3.22,Stable,51.2,Paid,0,1,High,Tetiarary,3,3,1,19,0
STU2491,28,Female,Edo,Urban,103,307,7,4.1,Declining,79.8,Paid,0,0,Middle,No formal,0,2,0,21,0
STU2492,27,Male,Edo,Rural,171,270,3,3.56,Declining,69.7,Paid,1,1,Middle,Primary,4,0,0,13,0
STU2493,20,Female,Kogi,Urban,814,215,5,2.5,Declining,72.6,Partial,0,0,Low,Primary,0,0,0,17,0
STU2494,25,Male,Niger,Rural,667,343,8,4.73,Stable,100.0,Paid,0,0,High,Secondary,1,2,0,16,0
STU2495,27,Female,Niger,Urban,842,333,7,4.46,Declining,61.2,Paid,0,0,Middle,Secondary,0,3,1,16,0
STU2496,23,Male,Delta,Urban,518,185,7,1.98,Improving,92.2,Owing,0,0,Middle,Tetiarary,3,0,0,24,1
STU2497,24,Male,Edo,Rural,668,353,3,5.0,Stable,75.8,Partial,1,0,High,Tetiarary,2,1,0,14,0
STU2498,19,Male,Kaduna,Rural,405,354,8,4.92,Declining,75.8,Partial,0,0,High,Primary,0,3,0,14,1
STU2499,22,Male,Ogun,Urban,369,297,3,3.93,Declining,91.9,Paid,0,0,High,Secondary,4,0,0,17,0
STU2500,17,Male,Rivers,Urban,581,208,8,2.38,Improving,85.1,Partial,0,0,Low,Secondary,3,2,0,23,1
STU2501,21,Male,Ogun,Urban,330,276,3,3.57,Declining,88.6,Paid,0,0,High,Secondary,2,3,0,21,0
STU2502,23,Female,Anambra,Urban,585,224,5,2.66,Stable,94.5,Owing,0,0,Middle,Tetiarary,3,0,0,24,0
STU2503,27,Female,Abuja,Urban,637,150,7,1.67,Improving,75.0,Paid,1,0,Middle,Tetiarary,1,2,0,21,0
STU2504,22,Male,Kaduna,Rural,625,208,4,2.68,Stable,70.8,Partial,1,0,High,Primary,2,3,0,18,0
STU2505,22,Female,Benue,Urban,832,238,4,3.1,Declining,63.7,Partial,1,1,Low,No formal,4,1,1,12,0
STU2506,23,Male,Cross River,Urban,251,230,7,2.57,Declining,67.6,Partial,0,1,Low,Tetiarary,2,3,0,14,0
STU2507,22,Female,Osun,Urban,438,333,7,4.56,Declining,100.0,Owing,0,0,Middle,Secondary,4,1,0,23,0
STU2508,20,Female,Ogun,Rural,97,355,7,5.0,Improving,98.7,Paid,0,0,High,Primary,1,3,1,12,0
STU2509,22,Male,Plateau,Urban,272,298,7,4.05,Improving,59.7,Paid,1,0,Middle,Primary,4,2,0,21,1
STU2510,28,Female,Delta,Rural,619,300,8,3.78,Improving,60.2,Partial,0,0,Middle,Secondary,3,1,0,14,1
STU2511,29,Female,Kano,Urban,628,306,5,4.09,Improving,87.2,Partial,0,0,Middle,Secondary,0,1,0,16,0
STU2512,25,Male,Ogun,Urban,325,233,4,3.12,Stable,88.2,Paid,1,0,Middle,Tetiarary,3,3,0,20,1
STU2513,18,Female,Ogun,Urban,820,313,6,4.21,Stable,88.2,Paid,0,0,High,Secondary,3,0,0,14,0
STU2514,20,Female,Delta,Urban,860,304,4,4.05,Improving,76.2,Partial,0,0,Low,Primary,2,1,0,21,1
STU2515,22,Male,Akwa Ibom,Rural,66,254,4,3.48,Declining,78.1,Owing,1,0,High,Tetiarary,1,3,0,21,0
STU2516,30,Female,Oyo,Urban,304,359,3,5.0,Stable,84.9,Partial,0,0,High,Primary,0,2,0,20,0
STU2517,24,Female,Benue,Rural,407,327,7,4.45,Declining,81.3,Owing,0,0,Middle,Secondary,4,3,0,12,1
STU2518,30,Male,Abuja,Urban,652,170,7,1.62,Stable,46.7,Partial,0,0,Middle,Secondary,2,3,1,17,1
STU2519,17,Male,Cross River,Urban,571,150,7,1.37,Stable,76.6,Paid,0,0,Low,Secondary,1,1,0,20,0
STU2520,19,Male,Niger,Urban,624,226,3,2.5,Stable,67.2,Paid,0,0,High,Tetiarary,0,0,0,23,0
STU2521,27,Female,Rivers,Rural,307,260,5,3.39,Stable,82.6,Partial,0,0,Middle,Primary,3,2,1,16,0
STU2522,22,Female,Akwa Ibom,Rural,774,269,5,3.54,Stable,100.0,Partial,0,0,Middle,Tetiarary,1,1,1,22,0
STU2523,16,Male,Niger,Rural,257,244,6,3.31,Stable,85.5,Partial,1,1,Middle,Tetiarary,1,1,0,21,0
STU2524,28,Female,Anambra,Urban,738,166,5,1.65,Declining,75.3,Partial,0,1,Middle,Secondary,1,1,0,13,0
STU2525,17,Female,Kogi,Rural,482,366,5,5.0,Declining,93.8,Owing,0,0,High,Primary,3,2,0,16,1
STU2526,24,Female,Kwara,Urban,373,141,7,1.32,Stable,87.2,Partial,0,0,High,Secondary,4,0,1,12,1
STU2527,28,Male,Benue,Rural,683,242,8,2.97,Improving,86.3,Paid,0,0,Middle,Secondary,2,2,0,20,0
STU2528,25,Male,Edo,Rural,164,240,4,2.94,Declining,89.1,Paid,0,0,High,Secondary,4,2,0,21,0
STU2529,22,Female,Oyo,Urban,170,160,5,1.65,Declining,100.0,Partial,0,0,High,No formal,0,0,1,24,1
STU2530,27,Male,Kano,Urban,209,197,5,1.99,Stable,63.0,Owing,0,0,Middle,Tetiarary,2,2,0,21,0
STU2531,25,Female,Kwara,Rural,271,272,3,3.5,Declining,87.1,Paid,0,0,Low,No formal,0,3,0,20,1
STU2532,22,Female,Plateau,Rural,142,319,6,4.11,Improving,66.1,Owing,0,0,High,Secondary,3,2,0,17,1
STU2533,21,Male,Edo,Urban,372,312,8,4.19,Improving,88.3,Owing,0,0,High,Primary,4,1,0,22,0
STU2534,18,Female,Ogun,Rural,447,224,3,2.76,Improving,66.2,Partial,1,0,Middle,Secondary,1,2,0,20,0
STU2535,25,Male,Kaduna,Rural,862,232,7,2.8,Improving,73.7,Paid,0,0,Low,Tetiarary,2,1,0,14,0
STU2536,18,Male,Plateau,Urban,764,159,4,1.53,Stable,75.6,Paid,0,0,High,Tetiarary,1,2,0,15,0
STU2537,17,Male,Kano,Urban,571,200,6,2.24,Improving,94.6,Paid,0,0,Middle,Primary,0,1,0,24,0
STU2538,26,Male,Kwara,Rural,725,177,3,1.84,Declining,93.8,Paid,0,0,High,Tetiarary,1,1,0,17,1
STU2539,21,Male,Anambra,Urban,21,287,5,3.56,Stable,61.3,Partial,0,0,High,Tetiarary,1,1,0,15,0
STU2540,19,Female,Kwara,Urban,72,164,5,1.62,Stable,80.8,Paid,0,1,High,Tetiarary,3,0,0,12,0
STU2541,20,Female,Akwa Ibom,Urban,137,269,6,3.24,Improving,69.4,Partial,0,0,High,Tetiarary,3,2,0,18,1
STU2542,18,Male,Kano,Rural,704,260,5,3.09,Stable,61.1,Paid,0,0,Low,Tetiarary,4,2,0,16,0
STU2543,21,Female,Kwara,Rural,434,299,3,4.07,Improving,76.7,Paid,0,0,High,Secondary,0,3,1,19,0
STU2544,26,Male,Abuja,Urban,312,165,3,1.73,Declining,75.4,Partial,0,0,Low,Secondary,3,3,1,20,1
STU2545,27,Male,Osun,Rural,654,337,5,4.93,Declining,100.0,Owing,1,0,High,Primary,3,3,0,16,0
STU2546,18,Female,Osun,Rural,178,308,5,4.12,Stable,86.5,Partial,0,0,Middle,Secondary,4,2,0,19,0
